filename,file_size,file_attributes,region_count,region_id,region_shape_attributes,region_attributes
001.jpg,14837,"{}",9,0,"{""name"":""point"",""cx"":88,""cy"":107}","{}"
001.jpg,14837,"{}",9,1,"{""name"":""point"",""cx"":102,""cy"":103}","{}"
001.jpg,14837,"{}",9,2,"{""name"":""point"",""cx"":115,""cy"":101}","{}"
001.jpg,14837,"{}",9,3,"{""name"":""point"",""cx"":135,""cy"":99}","{}"
001.jpg,14837,"{}",9,4,"{""name"":""point"",""cx"":151,""cy"":99}","{}"
001.jpg,14837,"{}",9,5,"{""name"":""point"",""cx"":162,""cy"":103}","{}"
001.jpg,14837,"{}",9,6,"{""name"":""point"",""cx"":107,""cy"":165}","{}"
001.jpg,14837,"{}",9,7,"{""name"":""point"",""cx"":127,""cy"":167}","{}"
001.jpg,14837,"{}",9,8,"{""name"":""point"",""cx"":145,""cy"":165}","{}"
002.jpg,20589,"{}",9,0,"{""name"":""point"",""cx"":89,""cy"":106}","{}"
002.jpg,20589,"{}",9,1,"{""name"":""point"",""cx"":103,""cy"":101}","{}"
002.jpg,20589,"{}",9,2,"{""name"":""point"",""cx"":117,""cy"":104}","{}"
002.jpg,20589,"{}",9,3,"{""name"":""point"",""cx"":143,""cy"":105}","{}"
002.jpg,20589,"{}",9,4,"{""name"":""point"",""cx"":154,""cy"":101}","{}"
002.jpg,20589,"{}",9,5,"{""name"":""point"",""cx"":164,""cy"":108}","{}"
002.jpg,20589,"{}",9,6,"{""name"":""point"",""cx"":109,""cy"":161}","{}"
002.jpg,20589,"{}",9,7,"{""name"":""point"",""cx"":128,""cy"":165}","{}"
002.jpg,20589,"{}",9,8,"{""name"":""point"",""cx"":145,""cy"":160}","{}"
003.jpg,18948,"{}",9,0,"{""name"":""point"",""cx"":105,""cy"":157}","{}"
003.jpg,18948,"{}",9,1,"{""name"":""point"",""cx"":127,""cy"":165}","{}"
003.jpg,18948,"{}",9,2,"{""name"":""point"",""cx"":147,""cy"":156}","{}"
003.jpg,18948,"{}",9,3,"{""name"":""point"",""cx"":85,""cy"":113}","{}"
003.jpg,18948,"{}",9,4,"{""name"":""point"",""cx"":97,""cy"":104}","{}"
003.jpg,18948,"{}",9,5,"{""name"":""point"",""cx"":111,""cy"":105}","{}"
003.jpg,18948,"{}",9,6,"{""name"":""point"",""cx"":137,""cy"":106}","{}"
003.jpg,18948,"{}",9,7,"{""name"":""point"",""cx"":151,""cy"":101}","{}"
003.jpg,18948,"{}",9,8,"{""name"":""point"",""cx"":161,""cy"":110}","{}"
004.jpg,17427,"{}",9,0,"{""name"":""point"",""cx"":84,""cy"":111}","{}"
004.jpg,17427,"{}",9,1,"{""name"":""point"",""cx"":91,""cy"":102}","{}"
004.jpg,17427,"{}",9,2,"{""name"":""point"",""cx"":105,""cy"":103}","{}"
004.jpg,17427,"{}",9,3,"{""name"":""point"",""cx"":133,""cy"":96}","{}"
004.jpg,17427,"{}",9,4,"{""name"":""point"",""cx"":151,""cy"":89}","{}"
004.jpg,17427,"{}",9,5,"{""name"":""point"",""cx"":159,""cy"":97}","{}"
004.jpg,17427,"{}",9,6,"{""name"":""point"",""cx"":111,""cy"":166}","{}"
004.jpg,17427,"{}",9,7,"{""name"":""point"",""cx"":126,""cy"":168}","{}"
004.jpg,17427,"{}",9,8,"{""name"":""point"",""cx"":139,""cy"":160}","{}"
005.jpg,19276,"{}",9,0,"{""name"":""point"",""cx"":118,""cy"":161}","{}"
005.jpg,19276,"{}",9,1,"{""name"":""point"",""cx"":133,""cy"":163}","{}"
005.jpg,19276,"{}",9,2,"{""name"":""point"",""cx"":141,""cy"":160}","{}"
005.jpg,19276,"{}",9,3,"{""name"":""point"",""cx"":95,""cy"":111}","{}"
005.jpg,19276,"{}",9,4,"{""name"":""point"",""cx"":107,""cy"":103}","{}"
005.jpg,19276,"{}",9,5,"{""name"":""point"",""cx"":121,""cy"":104}","{}"
005.jpg,19276,"{}",9,6,"{""name"":""point"",""cx"":144,""cy"":103}","{}"
005.jpg,19276,"{}",9,7,"{""name"":""point"",""cx"":159,""cy"":105}","{}"
005.jpg,19276,"{}",9,8,"{""name"":""point"",""cx"":161,""cy"":113}","{}"
006.jpg,28938,"{}",9,0,"{""name"":""point"",""cx"":90,""cy"":104}","{}"
006.jpg,28938,"{}",9,1,"{""name"":""point"",""cx"":102,""cy"":99}","{}"
006.jpg,28938,"{}",9,2,"{""name"":""point"",""cx"":118,""cy"":107}","{}"
006.jpg,28938,"{}",9,3,"{""name"":""point"",""cx"":139,""cy"":111}","{}"
006.jpg,28938,"{}",9,4,"{""name"":""point"",""cx"":158,""cy"":107}","{}"
006.jpg,28938,"{}",9,5,"{""name"":""point"",""cx"":169,""cy"":116}","{}"
006.jpg,28938,"{}",9,6,"{""name"":""point"",""cx"":107,""cy"":165}","{}"
006.jpg,28938,"{}",9,7,"{""name"":""point"",""cx"":125,""cy"":165}","{}"
006.jpg,28938,"{}",9,8,"{""name"":""point"",""cx"":142,""cy"":168}","{}"
007.jpg,19288,"{}",9,0,"{""name"":""point"",""cx"":95,""cy"":109}","{}"
007.jpg,19288,"{}",9,1,"{""name"":""point"",""cx"":103,""cy"":104}","{}"
007.jpg,19288,"{}",9,2,"{""name"":""point"",""cx"":116,""cy"":104}","{}"
007.jpg,19288,"{}",9,3,"{""name"":""point"",""cx"":145,""cy"":102}","{}"
007.jpg,19288,"{}",9,4,"{""name"":""point"",""cx"":158,""cy"":102}","{}"
007.jpg,19288,"{}",9,5,"{""name"":""point"",""cx"":163,""cy"":107}","{}"
007.jpg,19288,"{}",9,6,"{""name"":""point"",""cx"":114,""cy"":162}","{}"
007.jpg,19288,"{}",9,7,"{""name"":""point"",""cx"":130,""cy"":161}","{}"
007.jpg,19288,"{}",9,8,"{""name"":""point"",""cx"":142,""cy"":161}","{}"
008.jpg,14838,"{}",9,0,"{""name"":""point"",""cx"":90,""cy"":106}","{}"
008.jpg,14838,"{}",9,1,"{""name"":""point"",""cx"":97,""cy"":100}","{}"
008.jpg,14838,"{}",9,2,"{""name"":""point"",""cx"":115,""cy"":100}","{}"
008.jpg,14838,"{}",9,3,"{""name"":""point"",""cx"":138,""cy"":100}","{}"
008.jpg,14838,"{}",9,4,"{""name"":""point"",""cx"":157,""cy"":100}","{}"
008.jpg,14838,"{}",9,5,"{""name"":""point"",""cx"":166,""cy"":108}","{}"
008.jpg,14838,"{}",9,6,"{""name"":""point"",""cx"":112,""cy"":158}","{}"
008.jpg,14838,"{}",9,7,"{""name"":""point"",""cx"":127,""cy"":157}","{}"
008.jpg,14838,"{}",9,8,"{""name"":""point"",""cx"":141,""cy"":160}","{}"
009.jpg,19255,"{}",9,0,"{""name"":""point"",""cx"":84,""cy"":106}","{}"
009.jpg,19255,"{}",9,1,"{""name"":""point"",""cx"":93,""cy"":90}","{}"
009.jpg,19255,"{}",9,2,"{""name"":""point"",""cx"":116,""cy"":85}","{}"
009.jpg,19255,"{}",9,3,"{""name"":""point"",""cx"":138,""cy"":87}","{}"
009.jpg,19255,"{}",9,4,"{""name"":""point"",""cx"":158,""cy"":88}","{}"
009.jpg,19255,"{}",9,5,"{""name"":""point"",""cx"":169,""cy"":102}","{}"
009.jpg,19255,"{}",9,6,"{""name"":""point"",""cx"":108,""cy"":153}","{}"
009.jpg,19255,"{}",9,7,"{""name"":""point"",""cx"":125,""cy"":152}","{}"
009.jpg,19255,"{}",9,8,"{""name"":""point"",""cx"":139,""cy"":152}","{}"
010.jpg,17856,"{}",9,0,"{""name"":""point"",""cx"":88,""cy"":108}","{}"
010.jpg,17856,"{}",9,1,"{""name"":""point"",""cx"":95,""cy"":101}","{}"
010.jpg,17856,"{}",9,2,"{""name"":""point"",""cx"":109,""cy"":102}","{}"
010.jpg,17856,"{}",9,3,"{""name"":""point"",""cx"":135,""cy"":107}","{}"
010.jpg,17856,"{}",9,4,"{""name"":""point"",""cx"":150,""cy"":103}","{}"
010.jpg,17856,"{}",9,5,"{""name"":""point"",""cx"":159,""cy"":112}","{}"
010.jpg,17856,"{}",9,6,"{""name"":""point"",""cx"":106,""cy"":155}","{}"
010.jpg,17856,"{}",9,7,"{""name"":""point"",""cx"":122,""cy"":163}","{}"
010.jpg,17856,"{}",9,8,"{""name"":""point"",""cx"":142,""cy"":157}","{}"
011.jpg,17815,"{}",9,0,"{""name"":""point"",""cx"":77,""cy"":100}","{}"
011.jpg,17815,"{}",9,1,"{""name"":""point"",""cx"":87,""cy"":91}","{}"
011.jpg,17815,"{}",9,2,"{""name"":""point"",""cx"":107,""cy"":97}","{}"
011.jpg,17815,"{}",9,3,"{""name"":""point"",""cx"":126,""cy"":90}","{}"
011.jpg,17815,"{}",9,4,"{""name"":""point"",""cx"":139,""cy"":81}","{}"
011.jpg,17815,"{}",9,5,"{""name"":""point"",""cx"":155,""cy"":86}","{}"
011.jpg,17815,"{}",9,6,"{""name"":""point"",""cx"":104,""cy"":160}","{}"
011.jpg,17815,"{}",9,7,"{""name"":""point"",""cx"":124,""cy"":159}","{}"
011.jpg,17815,"{}",9,8,"{""name"":""point"",""cx"":145,""cy"":154}","{}"
012.jpg,16288,"{}",9,0,"{""name"":""point"",""cx"":84,""cy"":112}","{}"
012.jpg,16288,"{}",9,1,"{""name"":""point"",""cx"":93,""cy"":107}","{}"
012.jpg,16288,"{}",9,2,"{""name"":""point"",""cx"":103,""cy"":112}","{}"
012.jpg,16288,"{}",9,3,"{""name"":""point"",""cx"":121,""cy"":107}","{}"
012.jpg,16288,"{}",9,4,"{""name"":""point"",""cx"":131,""cy"":100}","{}"
012.jpg,16288,"{}",9,5,"{""name"":""point"",""cx"":145,""cy"":104}","{}"
012.jpg,16288,"{}",9,6,"{""name"":""point"",""cx"":101,""cy"":166}","{}"
012.jpg,16288,"{}",9,7,"{""name"":""point"",""cx"":113,""cy"":166}","{}"
012.jpg,16288,"{}",9,8,"{""name"":""point"",""cx"":130,""cy"":167}","{}"
013.jpg,15691,"{}",9,0,"{""name"":""point"",""cx"":96,""cy"":102}","{}"
013.jpg,15691,"{}",9,1,"{""name"":""point"",""cx"":108,""cy"":105}","{}"
013.jpg,15691,"{}",9,2,"{""name"":""point"",""cx"":122,""cy"":112}","{}"
013.jpg,15691,"{}",9,3,"{""name"":""point"",""cx"":142,""cy"":112}","{}"
013.jpg,15691,"{}",9,4,"{""name"":""point"",""cx"":154,""cy"":108}","{}"
013.jpg,15691,"{}",9,5,"{""name"":""point"",""cx"":167,""cy"":106}","{}"
013.jpg,15691,"{}",9,6,"{""name"":""point"",""cx"":114,""cy"":163}","{}"
013.jpg,15691,"{}",9,7,"{""name"":""point"",""cx"":130,""cy"":163}","{}"
013.jpg,15691,"{}",9,8,"{""name"":""point"",""cx"":143,""cy"":162}","{}"
014.jpg,17718,"{}",9,0,"{""name"":""point"",""cx"":80,""cy"":113}","{}"
014.jpg,17718,"{}",9,1,"{""name"":""point"",""cx"":85,""cy"":107}","{}"
014.jpg,17718,"{}",9,2,"{""name"":""point"",""cx"":99,""cy"":111}","{}"
014.jpg,17718,"{}",9,3,"{""name"":""point"",""cx"":121,""cy"":107}","{}"
014.jpg,17718,"{}",9,4,"{""name"":""point"",""cx"":132,""cy"":103}","{}"
014.jpg,17718,"{}",9,5,"{""name"":""point"",""cx"":144,""cy"":104}","{}"
014.jpg,17718,"{}",9,6,"{""name"":""point"",""cx"":102,""cy"":161}","{}"
014.jpg,17718,"{}",9,7,"{""name"":""point"",""cx"":114,""cy"":161}","{}"
014.jpg,17718,"{}",9,8,"{""name"":""point"",""cx"":132,""cy"":159}","{}"
015.jpg,14165,"{}",9,0,"{""name"":""point"",""cx"":125,""cy"":162}","{}"
015.jpg,14165,"{}",9,1,"{""name"":""point"",""cx"":138,""cy"":161}","{}"
015.jpg,14165,"{}",9,2,"{""name"":""point"",""cx"":152,""cy"":157}","{}"
015.jpg,14165,"{}",9,3,"{""name"":""point"",""cx"":92,""cy"":106}","{}"
015.jpg,14165,"{}",9,4,"{""name"":""point"",""cx"":104,""cy"":97}","{}"
015.jpg,14165,"{}",9,5,"{""name"":""point"",""cx"":122,""cy"":98}","{}"
015.jpg,14165,"{}",9,6,"{""name"":""point"",""cx"":142,""cy"":94}","{}"
015.jpg,14165,"{}",9,7,"{""name"":""point"",""cx"":154,""cy"":88}","{}"
015.jpg,14165,"{}",9,8,"{""name"":""point"",""cx"":160,""cy"":94}","{}"
016.jpg,14623,"{}",9,0,"{""name"":""point"",""cx"":85,""cy"":109}","{}"
016.jpg,14623,"{}",9,1,"{""name"":""point"",""cx"":97,""cy"":104}","{}"
016.jpg,14623,"{}",9,2,"{""name"":""point"",""cx"":113,""cy"":106}","{}"
016.jpg,14623,"{}",9,3,"{""name"":""point"",""cx"":134,""cy"":101}","{}"
016.jpg,14623,"{}",9,4,"{""name"":""point"",""cx"":150,""cy"":98}","{}"
016.jpg,14623,"{}",9,5,"{""name"":""point"",""cx"":162,""cy"":101}","{}"
016.jpg,14623,"{}",9,6,"{""name"":""point"",""cx"":110,""cy"":161}","{}"
016.jpg,14623,"{}",9,7,"{""name"":""point"",""cx"":126,""cy"":160}","{}"
016.jpg,14623,"{}",9,8,"{""name"":""point"",""cx"":142,""cy"":159}","{}"
017.jpg,17361,"{}",9,0,"{""name"":""point"",""cx"":83,""cy"":108}","{}"
017.jpg,17361,"{}",9,1,"{""name"":""point"",""cx"":92,""cy"":101}","{}"
017.jpg,17361,"{}",9,2,"{""name"":""point"",""cx"":105,""cy"":100}","{}"
017.jpg,17361,"{}",9,3,"{""name"":""point"",""cx"":133,""cy"":99}","{}"
017.jpg,17361,"{}",9,4,"{""name"":""point"",""cx"":151,""cy"":100}","{}"
017.jpg,17361,"{}",9,5,"{""name"":""point"",""cx"":161,""cy"":106}","{}"
017.jpg,17361,"{}",9,6,"{""name"":""point"",""cx"":105,""cy"":164}","{}"
017.jpg,17361,"{}",9,7,"{""name"":""point"",""cx"":125,""cy"":162}","{}"
017.jpg,17361,"{}",9,8,"{""name"":""point"",""cx"":142,""cy"":161}","{}"
018.jpg,22587,"{}",9,0,"{""name"":""point"",""cx"":86,""cy"":106}","{}"
018.jpg,22587,"{}",9,1,"{""name"":""point"",""cx"":98,""cy"":98}","{}"
018.jpg,22587,"{}",9,2,"{""name"":""point"",""cx"":114,""cy"":99}","{}"
018.jpg,22587,"{}",9,3,"{""name"":""point"",""cx"":139,""cy"":100}","{}"
018.jpg,22587,"{}",9,4,"{""name"":""point"",""cx"":155,""cy"":100}","{}"
018.jpg,22587,"{}",9,5,"{""name"":""point"",""cx"":166,""cy"":104}","{}"
018.jpg,22587,"{}",9,6,"{""name"":""point"",""cx"":112,""cy"":160}","{}"
018.jpg,22587,"{}",9,7,"{""name"":""point"",""cx"":128,""cy"":167}","{}"
018.jpg,22587,"{}",9,8,"{""name"":""point"",""cx"":142,""cy"":161}","{}"
019.jpg,20757,"{}",9,0,"{""name"":""point"",""cx"":98,""cy"":108}","{}"
019.jpg,20757,"{}",9,1,"{""name"":""point"",""cx"":119,""cy"":106}","{}"
019.jpg,20757,"{}",9,2,"{""name"":""point"",""cx"":136,""cy"":112}","{}"
019.jpg,20757,"{}",9,3,"{""name"":""point"",""cx"":154,""cy"":107}","{}"
019.jpg,20757,"{}",9,4,"{""name"":""point"",""cx"":162,""cy"":101}","{}"
019.jpg,20757,"{}",9,5,"{""name"":""point"",""cx"":167,""cy"":98}","{}"
019.jpg,20757,"{}",9,6,"{""name"":""point"",""cx"":130,""cy"":175}","{}"
019.jpg,20757,"{}",9,7,"{""name"":""point"",""cx"":143,""cy"":177}","{}"
019.jpg,20757,"{}",9,8,"{""name"":""point"",""cx"":152,""cy"":172}","{}"
020.jpg,20678,"{}",9,0,"{""name"":""point"",""cx"":91,""cy"":100}","{}"
020.jpg,20678,"{}",9,1,"{""name"":""point"",""cx"":107,""cy"":100}","{}"
020.jpg,20678,"{}",9,2,"{""name"":""point"",""cx"":122,""cy"":102}","{}"
020.jpg,20678,"{}",9,3,"{""name"":""point"",""cx"":146,""cy"":106}","{}"
020.jpg,20678,"{}",9,4,"{""name"":""point"",""cx"":158,""cy"":105}","{}"
020.jpg,20678,"{}",9,5,"{""name"":""point"",""cx"":165,""cy"":106}","{}"
020.jpg,20678,"{}",9,6,"{""name"":""point"",""cx"":100,""cy"":152}","{}"
020.jpg,20678,"{}",9,7,"{""name"":""point"",""cx"":126,""cy"":166}","{}"
020.jpg,20678,"{}",9,8,"{""name"":""point"",""cx"":151,""cy"":156}","{}"
021.jpg,17182,"{}",9,0,"{""name"":""point"",""cx"":84,""cy"":109}","{}"
021.jpg,17182,"{}",9,1,"{""name"":""point"",""cx"":91,""cy"":106}","{}"
021.jpg,17182,"{}",9,2,"{""name"":""point"",""cx"":104,""cy"":104}","{}"
021.jpg,17182,"{}",9,3,"{""name"":""point"",""cx"":128,""cy"":101}","{}"
021.jpg,17182,"{}",9,4,"{""name"":""point"",""cx"":142,""cy"":99}","{}"
021.jpg,17182,"{}",9,5,"{""name"":""point"",""cx"":154,""cy"":103}","{}"
021.jpg,17182,"{}",9,6,"{""name"":""point"",""cx"":104,""cy"":159}","{}"
021.jpg,17182,"{}",9,7,"{""name"":""point"",""cx"":122,""cy"":166}","{}"
021.jpg,17182,"{}",9,8,"{""name"":""point"",""cx"":144,""cy"":156}","{}"
022.jpg,16195,"{}",9,0,"{""name"":""point"",""cx"":90,""cy"":105}","{}"
022.jpg,16195,"{}",9,1,"{""name"":""point"",""cx"":104,""cy"":99}","{}"
022.jpg,16195,"{}",9,2,"{""name"":""point"",""cx"":115,""cy"":100}","{}"
022.jpg,16195,"{}",9,3,"{""name"":""point"",""cx"":150,""cy"":103}","{}"
022.jpg,16195,"{}",9,4,"{""name"":""point"",""cx"":161,""cy"":102}","{}"
022.jpg,16195,"{}",9,5,"{""name"":""point"",""cx"":170,""cy"":111}","{}"
022.jpg,16195,"{}",9,6,"{""name"":""point"",""cx"":113,""cy"":165}","{}"
022.jpg,16195,"{}",9,7,"{""name"":""point"",""cx"":136,""cy"":165}","{}"
022.jpg,16195,"{}",9,8,"{""name"":""point"",""cx"":151,""cy"":164}","{}"
023.jpg,15167,"{}",9,0,"{""name"":""point"",""cx"":80,""cy"":104}","{}"
023.jpg,15167,"{}",9,1,"{""name"":""point"",""cx"":92,""cy"":96}","{}"
023.jpg,15167,"{}",9,2,"{""name"":""point"",""cx"":113,""cy"":100}","{}"
023.jpg,15167,"{}",9,3,"{""name"":""point"",""cx"":138,""cy"":100}","{}"
023.jpg,15167,"{}",9,4,"{""name"":""point"",""cx"":156,""cy"":98}","{}"
023.jpg,15167,"{}",9,5,"{""name"":""point"",""cx"":169,""cy"":104}","{}"
023.jpg,15167,"{}",9,6,"{""name"":""point"",""cx"":100,""cy"":153}","{}"
023.jpg,15167,"{}",9,7,"{""name"":""point"",""cx"":125,""cy"":161}","{}"
023.jpg,15167,"{}",9,8,"{""name"":""point"",""cx"":150,""cy"":153}","{}"
024.jpg,24140,"{}",9,0,"{""name"":""point"",""cx"":81,""cy"":104}","{}"
024.jpg,24140,"{}",9,1,"{""name"":""point"",""cx"":88,""cy"":101}","{}"
024.jpg,24140,"{}",9,2,"{""name"":""point"",""cx"":98,""cy"":104}","{}"
024.jpg,24140,"{}",9,3,"{""name"":""point"",""cx"":122,""cy"":102}","{}"
024.jpg,24140,"{}",9,4,"{""name"":""point"",""cx"":137,""cy"":100}","{}"
024.jpg,24140,"{}",9,5,"{""name"":""point"",""cx"":152,""cy"":106}","{}"
024.jpg,24140,"{}",9,6,"{""name"":""point"",""cx"":100,""cy"":166}","{}"
024.jpg,24140,"{}",9,7,"{""name"":""point"",""cx"":113,""cy"":171}","{}"
024.jpg,24140,"{}",9,8,"{""name"":""point"",""cx"":137,""cy"":162}","{}"
025.jpg,21420,"{}",9,0,"{""name"":""point"",""cx"":91,""cy"":112}","{}"
025.jpg,21420,"{}",9,1,"{""name"":""point"",""cx"":101,""cy"":106}","{}"
025.jpg,21420,"{}",9,2,"{""name"":""point"",""cx"":114,""cy"":109}","{}"
025.jpg,21420,"{}",9,3,"{""name"":""point"",""cx"":136,""cy"":108}","{}"
025.jpg,21420,"{}",9,4,"{""name"":""point"",""cx"":151,""cy"":105}","{}"
025.jpg,21420,"{}",9,5,"{""name"":""point"",""cx"":162,""cy"":109}","{}"
025.jpg,21420,"{}",9,6,"{""name"":""point"",""cx"":110,""cy"":163}","{}"
025.jpg,21420,"{}",9,7,"{""name"":""point"",""cx"":131,""cy"":162}","{}"
025.jpg,21420,"{}",9,8,"{""name"":""point"",""cx"":145,""cy"":162}","{}"
026.jpg,16624,"{}",9,0,"{""name"":""point"",""cx"":88,""cy"":103}","{}"
026.jpg,16624,"{}",9,1,"{""name"":""point"",""cx"":103,""cy"":99}","{}"
026.jpg,16624,"{}",9,2,"{""name"":""point"",""cx"":118,""cy"":105}","{}"
026.jpg,16624,"{}",9,3,"{""name"":""point"",""cx"":150,""cy"":106}","{}"
026.jpg,16624,"{}",9,4,"{""name"":""point"",""cx"":163,""cy"":100}","{}"
026.jpg,16624,"{}",9,5,"{""name"":""point"",""cx"":172,""cy"":102}","{}"
026.jpg,16624,"{}",9,6,"{""name"":""point"",""cx"":111,""cy"":163}","{}"
026.jpg,16624,"{}",9,7,"{""name"":""point"",""cx"":131,""cy"":164}","{}"
026.jpg,16624,"{}",9,8,"{""name"":""point"",""cx"":146,""cy"":163}","{}"
027.jpg,15717,"{}",9,0,"{""name"":""point"",""cx"":75,""cy"":88}","{}"
027.jpg,15717,"{}",9,1,"{""name"":""point"",""cx"":90,""cy"":84}","{}"
027.jpg,15717,"{}",9,2,"{""name"":""point"",""cx"":102,""cy"":89}","{}"
027.jpg,15717,"{}",9,3,"{""name"":""point"",""cx"":132,""cy"":82}","{}"
027.jpg,15717,"{}",9,4,"{""name"":""point"",""cx"":149,""cy"":79}","{}"
027.jpg,15717,"{}",9,5,"{""name"":""point"",""cx"":160,""cy"":78}","{}"
027.jpg,15717,"{}",9,6,"{""name"":""point"",""cx"":103,""cy"":154}","{}"
027.jpg,15717,"{}",9,7,"{""name"":""point"",""cx"":121,""cy"":156}","{}"
027.jpg,15717,"{}",9,8,"{""name"":""point"",""cx"":139,""cy"":152}","{}"
028.jpg,19659,"{}",9,0,"{""name"":""point"",""cx"":108,""cy"":108}","{}"
028.jpg,19659,"{}",9,1,"{""name"":""point"",""cx"":122,""cy"":104}","{}"
028.jpg,19659,"{}",9,2,"{""name"":""point"",""cx"":131,""cy"":107}","{}"
028.jpg,19659,"{}",9,3,"{""name"":""point"",""cx"":140,""cy"":110}","{}"
028.jpg,19659,"{}",9,4,"{""name"":""point"",""cx"":146,""cy"":108}","{}"
028.jpg,19659,"{}",9,5,"{""name"":""point"",""cx"":150,""cy"":108}","{}"
028.jpg,19659,"{}",9,6,"{""name"":""point"",""cx"":114,""cy"":156}","{}"
028.jpg,19659,"{}",9,7,"{""name"":""point"",""cx"":129,""cy"":162}","{}"
028.jpg,19659,"{}",9,8,"{""name"":""point"",""cx"":136,""cy"":158}","{}"
029.jpg,17399,"{}",9,0,"{""name"":""point"",""cx"":90,""cy"":107}","{}"
029.jpg,17399,"{}",9,1,"{""name"":""point"",""cx"":102,""cy"":103}","{}"
029.jpg,17399,"{}",9,2,"{""name"":""point"",""cx"":116,""cy"":108}","{}"
029.jpg,17399,"{}",9,3,"{""name"":""point"",""cx"":138,""cy"":109}","{}"
029.jpg,17399,"{}",9,4,"{""name"":""point"",""cx"":156,""cy"":104}","{}"
029.jpg,17399,"{}",9,5,"{""name"":""point"",""cx"":168,""cy"":109}","{}"
029.jpg,17399,"{}",9,6,"{""name"":""point"",""cx"":106,""cy"":158}","{}"
029.jpg,17399,"{}",9,7,"{""name"":""point"",""cx"":126,""cy"":161}","{}"
029.jpg,17399,"{}",9,8,"{""name"":""point"",""cx"":148,""cy"":161}","{}"
030.jpg,20350,"{}",9,0,"{""name"":""point"",""cx"":98,""cy"":104}","{}"
030.jpg,20350,"{}",9,1,"{""name"":""point"",""cx"":110,""cy"":103}","{}"
030.jpg,20350,"{}",9,2,"{""name"":""point"",""cx"":122,""cy"":103}","{}"
030.jpg,20350,"{}",9,3,"{""name"":""point"",""cx"":145,""cy"":101}","{}"
030.jpg,20350,"{}",9,4,"{""name"":""point"",""cx"":154,""cy"":96}","{}"
030.jpg,20350,"{}",9,5,"{""name"":""point"",""cx"":160,""cy"":99}","{}"
030.jpg,20350,"{}",9,6,"{""name"":""point"",""cx"":118,""cy"":161}","{}"
030.jpg,20350,"{}",9,7,"{""name"":""point"",""cx"":137,""cy"":165}","{}"
030.jpg,20350,"{}",9,8,"{""name"":""point"",""cx"":146,""cy"":158}","{}"
031.jpg,18467,"{}",9,0,"{""name"":""point"",""cx"":86,""cy"":110}","{}"
031.jpg,18467,"{}",9,1,"{""name"":""point"",""cx"":100,""cy"":108}","{}"
031.jpg,18467,"{}",9,2,"{""name"":""point"",""cx"":112,""cy"":109}","{}"
031.jpg,18467,"{}",9,3,"{""name"":""point"",""cx"":132,""cy"":106}","{}"
031.jpg,18467,"{}",9,4,"{""name"":""point"",""cx"":148,""cy"":104}","{}"
031.jpg,18467,"{}",9,5,"{""name"":""point"",""cx"":160,""cy"":106}","{}"
031.jpg,18467,"{}",9,6,"{""name"":""point"",""cx"":111,""cy"":164}","{}"
031.jpg,18467,"{}",9,7,"{""name"":""point"",""cx"":127,""cy"":161}","{}"
031.jpg,18467,"{}",9,8,"{""name"":""point"",""cx"":140,""cy"":160}","{}"
032.jpg,18714,"{}",9,0,"{""name"":""point"",""cx"":89,""cy"":104}","{}"
032.jpg,18714,"{}",9,1,"{""name"":""point"",""cx"":101,""cy"":98}","{}"
032.jpg,18714,"{}",9,2,"{""name"":""point"",""cx"":114,""cy"":101}","{}"
032.jpg,18714,"{}",9,3,"{""name"":""point"",""cx"":139,""cy"":101}","{}"
032.jpg,18714,"{}",9,4,"{""name"":""point"",""cx"":153,""cy"":98}","{}"
032.jpg,18714,"{}",9,5,"{""name"":""point"",""cx"":164,""cy"":103}","{}"
032.jpg,18714,"{}",9,6,"{""name"":""point"",""cx"":112,""cy"":162}","{}"
032.jpg,18714,"{}",9,7,"{""name"":""point"",""cx"":130,""cy"":161}","{}"
032.jpg,18714,"{}",9,8,"{""name"":""point"",""cx"":143,""cy"":161}","{}"
033.jpg,18495,"{}",9,0,"{""name"":""point"",""cx"":90,""cy"":109}","{}"
033.jpg,18495,"{}",9,1,"{""name"":""point"",""cx"":98,""cy"":103}","{}"
033.jpg,18495,"{}",9,2,"{""name"":""point"",""cx"":112,""cy"":106}","{}"
033.jpg,18495,"{}",9,3,"{""name"":""point"",""cx"":138,""cy"":107}","{}"
033.jpg,18495,"{}",9,4,"{""name"":""point"",""cx"":155,""cy"":104}","{}"
033.jpg,18495,"{}",9,5,"{""name"":""point"",""cx"":165,""cy"":113}","{}"
033.jpg,18495,"{}",9,6,"{""name"":""point"",""cx"":108,""cy"":161}","{}"
033.jpg,18495,"{}",9,7,"{""name"":""point"",""cx"":126,""cy"":161}","{}"
033.jpg,18495,"{}",9,8,"{""name"":""point"",""cx"":144,""cy"":161}","{}"
034.jpg,23031,"{}",9,0,"{""name"":""point"",""cx"":78,""cy"":105}","{}"
034.jpg,23031,"{}",9,1,"{""name"":""point"",""cx"":93,""cy"":100}","{}"
034.jpg,23031,"{}",9,2,"{""name"":""point"",""cx"":107,""cy"":102}","{}"
034.jpg,23031,"{}",9,3,"{""name"":""point"",""cx"":135,""cy"":100}","{}"
034.jpg,23031,"{}",9,4,"{""name"":""point"",""cx"":154,""cy"":94}","{}"
034.jpg,23031,"{}",9,5,"{""name"":""point"",""cx"":166,""cy"":100}","{}"
034.jpg,23031,"{}",9,6,"{""name"":""point"",""cx"":100,""cy"":158}","{}"
034.jpg,23031,"{}",9,7,"{""name"":""point"",""cx"":126,""cy"":158}","{}"
034.jpg,23031,"{}",9,8,"{""name"":""point"",""cx"":150,""cy"":155}","{}"
035.jpg,22608,"{}",9,0,"{""name"":""point"",""cx"":84,""cy"":110}","{}"
035.jpg,22608,"{}",9,1,"{""name"":""point"",""cx"":95,""cy"":94}","{}"
035.jpg,22608,"{}",9,2,"{""name"":""point"",""cx"":115,""cy"":94}","{}"
035.jpg,22608,"{}",9,3,"{""name"":""point"",""cx"":134,""cy"":90}","{}"
035.jpg,22608,"{}",9,4,"{""name"":""point"",""cx"":147,""cy"":86}","{}"
035.jpg,22608,"{}",9,5,"{""name"":""point"",""cx"":158,""cy"":92}","{}"
035.jpg,22608,"{}",9,6,"{""name"":""point"",""cx"":116,""cy"":161}","{}"
035.jpg,22608,"{}",9,7,"{""name"":""point"",""cx"":130,""cy"":161}","{}"
035.jpg,22608,"{}",9,8,"{""name"":""point"",""cx"":143,""cy"":159}","{}"
036.jpg,22253,"{}",9,0,"{""name"":""point"",""cx"":81,""cy"":110}","{}"
036.jpg,22253,"{}",9,1,"{""name"":""point"",""cx"":97,""cy"":102}","{}"
036.jpg,22253,"{}",9,2,"{""name"":""point"",""cx"":110,""cy"":103}","{}"
036.jpg,22253,"{}",9,3,"{""name"":""point"",""cx"":130,""cy"":102}","{}"
036.jpg,22253,"{}",9,4,"{""name"":""point"",""cx"":144,""cy"":95}","{}"
036.jpg,22253,"{}",9,5,"{""name"":""point"",""cx"":154,""cy"":94}","{}"
036.jpg,22253,"{}",9,6,"{""name"":""point"",""cx"":116,""cy"":162}","{}"
036.jpg,22253,"{}",9,7,"{""name"":""point"",""cx"":135,""cy"":159}","{}"
036.jpg,22253,"{}",9,8,"{""name"":""point"",""cx"":145,""cy"":154}","{}"
037.jpg,20237,"{}",9,0,"{""name"":""point"",""cx"":90,""cy"":92}","{}"
037.jpg,20237,"{}",9,1,"{""name"":""point"",""cx"":103,""cy"":88}","{}"
037.jpg,20237,"{}",9,2,"{""name"":""point"",""cx"":114,""cy"":91}","{}"
037.jpg,20237,"{}",9,3,"{""name"":""point"",""cx"":141,""cy"":91}","{}"
037.jpg,20237,"{}",9,4,"{""name"":""point"",""cx"":155,""cy"":87}","{}"
037.jpg,20237,"{}",9,5,"{""name"":""point"",""cx"":166,""cy"":90}","{}"
037.jpg,20237,"{}",9,6,"{""name"":""point"",""cx"":105,""cy"":159}","{}"
037.jpg,20237,"{}",9,7,"{""name"":""point"",""cx"":129,""cy"":151}","{}"
037.jpg,20237,"{}",9,8,"{""name"":""point"",""cx"":148,""cy"":156}","{}"
038.jpg,19847,"{}",9,0,"{""name"":""point"",""cx"":86,""cy"":106}","{}"
038.jpg,19847,"{}",9,1,"{""name"":""point"",""cx"":97,""cy"":98}","{}"
038.jpg,19847,"{}",9,2,"{""name"":""point"",""cx"":110,""cy"":101}","{}"
038.jpg,19847,"{}",9,3,"{""name"":""point"",""cx"":139,""cy"":102}","{}"
038.jpg,19847,"{}",9,4,"{""name"":""point"",""cx"":153,""cy"":97}","{}"
038.jpg,19847,"{}",9,5,"{""name"":""point"",""cx"":166,""cy"":104}","{}"
038.jpg,19847,"{}",9,6,"{""name"":""point"",""cx"":103,""cy"":156}","{}"
038.jpg,19847,"{}",9,7,"{""name"":""point"",""cx"":122,""cy"":160}","{}"
038.jpg,19847,"{}",9,8,"{""name"":""point"",""cx"":147,""cy"":154}","{}"
039.jpg,20328,"{}",9,0,"{""name"":""point"",""cx"":88,""cy"":99}","{}"
039.jpg,20328,"{}",9,1,"{""name"":""point"",""cx"":96,""cy"":96}","{}"
039.jpg,20328,"{}",9,2,"{""name"":""point"",""cx"":108,""cy"":102}","{}"
039.jpg,20328,"{}",9,3,"{""name"":""point"",""cx"":125,""cy"":100}","{}"
039.jpg,20328,"{}",9,4,"{""name"":""point"",""cx"":137,""cy"":91}","{}"
039.jpg,20328,"{}",9,5,"{""name"":""point"",""cx"":152,""cy"":94}","{}"
039.jpg,20328,"{}",9,6,"{""name"":""point"",""cx"":97,""cy"":160}","{}"
039.jpg,20328,"{}",9,7,"{""name"":""point"",""cx"":109,""cy"":164}","{}"
039.jpg,20328,"{}",9,8,"{""name"":""point"",""cx"":130,""cy"":157}","{}"
040.jpg,21079,"{}",9,0,"{""name"":""point"",""cx"":94,""cy"":108}","{}"
040.jpg,21079,"{}",9,1,"{""name"":""point"",""cx"":106,""cy"":100}","{}"
040.jpg,21079,"{}",9,2,"{""name"":""point"",""cx"":118,""cy"":103}","{}"
040.jpg,21079,"{}",9,3,"{""name"":""point"",""cx"":138,""cy"":105}","{}"
040.jpg,21079,"{}",9,4,"{""name"":""point"",""cx"":151,""cy"":102}","{}"
040.jpg,21079,"{}",9,5,"{""name"":""point"",""cx"":163,""cy"":112}","{}"
040.jpg,21079,"{}",9,6,"{""name"":""point"",""cx"":111,""cy"":162}","{}"
040.jpg,21079,"{}",9,7,"{""name"":""point"",""cx"":129,""cy"":165}","{}"
040.jpg,21079,"{}",9,8,"{""name"":""point"",""cx"":147,""cy"":161}","{}"
041.jpg,20613,"{}",9,0,"{""name"":""point"",""cx"":96,""cy"":108}","{}"
041.jpg,20613,"{}",9,1,"{""name"":""point"",""cx"":110,""cy"":102}","{}"
041.jpg,20613,"{}",9,2,"{""name"":""point"",""cx"":123,""cy"":101}","{}"
041.jpg,20613,"{}",9,3,"{""name"":""point"",""cx"":144,""cy"":101}","{}"
041.jpg,20613,"{}",9,4,"{""name"":""point"",""cx"":157,""cy"":98}","{}"
041.jpg,20613,"{}",9,5,"{""name"":""point"",""cx"":168,""cy"":102}","{}"
041.jpg,20613,"{}",9,6,"{""name"":""point"",""cx"":115,""cy"":156}","{}"
041.jpg,20613,"{}",9,7,"{""name"":""point"",""cx"":136,""cy"":156}","{}"
041.jpg,20613,"{}",9,8,"{""name"":""point"",""cx"":152,""cy"":156}","{}"
042.jpg,26646,"{}",9,0,"{""name"":""point"",""cx"":88,""cy"":115}","{}"
042.jpg,26646,"{}",9,1,"{""name"":""point"",""cx"":97,""cy"":110}","{}"
042.jpg,26646,"{}",9,2,"{""name"":""point"",""cx"":108,""cy"":112}","{}"
042.jpg,26646,"{}",9,3,"{""name"":""point"",""cx"":129,""cy"":110}","{}"
042.jpg,26646,"{}",9,4,"{""name"":""point"",""cx"":146,""cy"":107}","{}"
042.jpg,26646,"{}",9,5,"{""name"":""point"",""cx"":158,""cy"":111}","{}"
042.jpg,26646,"{}",9,6,"{""name"":""point"",""cx"":110,""cy"":158}","{}"
042.jpg,26646,"{}",9,7,"{""name"":""point"",""cx"":126,""cy"":166}","{}"
042.jpg,26646,"{}",9,8,"{""name"":""point"",""cx"":144,""cy"":157}","{}"
043.jpg,17619,"{}",9,0,"{""name"":""point"",""cx"":90,""cy"":107}","{}"
043.jpg,17619,"{}",9,1,"{""name"":""point"",""cx"":101,""cy"":102}","{}"
043.jpg,17619,"{}",9,2,"{""name"":""point"",""cx"":115,""cy"":106}","{}"
043.jpg,17619,"{}",9,3,"{""name"":""point"",""cx"":137,""cy"":108}","{}"
043.jpg,17619,"{}",9,4,"{""name"":""point"",""cx"":149,""cy"":102}","{}"
043.jpg,17619,"{}",9,5,"{""name"":""point"",""cx"":157,""cy"":102}","{}"
043.jpg,17619,"{}",9,6,"{""name"":""point"",""cx"":110,""cy"":172}","{}"
043.jpg,17619,"{}",9,7,"{""name"":""point"",""cx"":130,""cy"":176}","{}"
043.jpg,17619,"{}",9,8,"{""name"":""point"",""cx"":144,""cy"":169}","{}"
044.jpg,16766,"{}",9,0,"{""name"":""point"",""cx"":97,""cy"":109}","{}"
044.jpg,16766,"{}",9,1,"{""name"":""point"",""cx"":110,""cy"":105}","{}"
044.jpg,16766,"{}",9,2,"{""name"":""point"",""cx"":123,""cy"":110}","{}"
044.jpg,16766,"{}",9,3,"{""name"":""point"",""cx"":148,""cy"":109}","{}"
044.jpg,16766,"{}",9,4,"{""name"":""point"",""cx"":162,""cy"":104}","{}"
044.jpg,16766,"{}",9,5,"{""name"":""point"",""cx"":169,""cy"":108}","{}"
044.jpg,16766,"{}",9,6,"{""name"":""point"",""cx"":118,""cy"":167}","{}"
044.jpg,16766,"{}",9,7,"{""name"":""point"",""cx"":135,""cy"":169}","{}"
044.jpg,16766,"{}",9,8,"{""name"":""point"",""cx"":149,""cy"":167}","{}"
045.jpg,17826,"{}",9,0,"{""name"":""point"",""cx"":73,""cy"":111}","{}"
045.jpg,17826,"{}",9,1,"{""name"":""point"",""cx"":81,""cy"":101}","{}"
045.jpg,17826,"{}",9,2,"{""name"":""point"",""cx"":96,""cy"":101}","{}"
045.jpg,17826,"{}",9,3,"{""name"":""point"",""cx"":126,""cy"":98}","{}"
045.jpg,17826,"{}",9,4,"{""name"":""point"",""cx"":144,""cy"":92}","{}"
045.jpg,17826,"{}",9,5,"{""name"":""point"",""cx"":154,""cy"":99}","{}"
045.jpg,17826,"{}",9,6,"{""name"":""point"",""cx"":94,""cy"":156}","{}"
045.jpg,17826,"{}",9,7,"{""name"":""point"",""cx"":118,""cy"":166}","{}"
045.jpg,17826,"{}",9,8,"{""name"":""point"",""cx"":144,""cy"":153}","{}"
046.jpg,17669,"{}",9,0,"{""name"":""point"",""cx"":84,""cy"":107}","{}"
046.jpg,17669,"{}",9,1,"{""name"":""point"",""cx"":90,""cy"":101}","{}"
046.jpg,17669,"{}",9,2,"{""name"":""point"",""cx"":104,""cy"":102}","{}"
046.jpg,17669,"{}",9,3,"{""name"":""point"",""cx"":122,""cy"":102}","{}"
046.jpg,17669,"{}",9,4,"{""name"":""point"",""cx"":143,""cy"":98}","{}"
046.jpg,17669,"{}",9,5,"{""name"":""point"",""cx"":155,""cy"":101}","{}"
046.jpg,17669,"{}",9,6,"{""name"":""point"",""cx"":108,""cy"":167}","{}"
046.jpg,17669,"{}",9,7,"{""name"":""point"",""cx"":118,""cy"":166}","{}"
046.jpg,17669,"{}",9,8,"{""name"":""point"",""cx"":134,""cy"":163}","{}"
047.jpg,19776,"{}",9,0,"{""name"":""point"",""cx"":82,""cy"":108}","{}"
047.jpg,19776,"{}",9,1,"{""name"":""point"",""cx"":94,""cy"":98}","{}"
047.jpg,19776,"{}",9,2,"{""name"":""point"",""cx"":108,""cy"":100}","{}"
047.jpg,19776,"{}",9,3,"{""name"":""point"",""cx"":126,""cy"":101}","{}"
047.jpg,19776,"{}",9,4,"{""name"":""point"",""cx"":144,""cy"":97}","{}"
047.jpg,19776,"{}",9,5,"{""name"":""point"",""cx"":160,""cy"":104}","{}"
047.jpg,19776,"{}",9,6,"{""name"":""point"",""cx"":106,""cy"":166}","{}"
047.jpg,19776,"{}",9,7,"{""name"":""point"",""cx"":120,""cy"":166}","{}"
047.jpg,19776,"{}",9,8,"{""name"":""point"",""cx"":136,""cy"":163}","{}"
048.jpg,20465,"{}",9,0,"{""name"":""point"",""cx"":87,""cy"":100}","{}"
048.jpg,20465,"{}",9,1,"{""name"":""point"",""cx"":94,""cy"":95}","{}"
048.jpg,20465,"{}",9,2,"{""name"":""point"",""cx"":105,""cy"":95}","{}"
048.jpg,20465,"{}",9,3,"{""name"":""point"",""cx"":134,""cy"":97}","{}"
048.jpg,20465,"{}",9,4,"{""name"":""point"",""cx"":153,""cy"":96}","{}"
048.jpg,20465,"{}",9,5,"{""name"":""point"",""cx"":165,""cy"":106}","{}"
048.jpg,20465,"{}",9,6,"{""name"":""point"",""cx"":102,""cy"":154}","{}"
048.jpg,20465,"{}",9,7,"{""name"":""point"",""cx"":116,""cy"":163}","{}"
048.jpg,20465,"{}",9,8,"{""name"":""point"",""cx"":144,""cy"":156}","{}"
049.jpg,17139,"{}",9,0,"{""name"":""point"",""cx"":88,""cy"":101}","{}"
049.jpg,17139,"{}",9,1,"{""name"":""point"",""cx"":98,""cy"":99}","{}"
049.jpg,17139,"{}",9,2,"{""name"":""point"",""cx"":108,""cy"":101}","{}"
049.jpg,17139,"{}",9,3,"{""name"":""point"",""cx"":138,""cy"":101}","{}"
049.jpg,17139,"{}",9,4,"{""name"":""point"",""cx"":151,""cy"":97}","{}"
049.jpg,17139,"{}",9,5,"{""name"":""point"",""cx"":162,""cy"":103}","{}"
049.jpg,17139,"{}",9,6,"{""name"":""point"",""cx"":106,""cy"":161}","{}"
049.jpg,17139,"{}",9,7,"{""name"":""point"",""cx"":120,""cy"":159}","{}"
049.jpg,17139,"{}",9,8,"{""name"":""point"",""cx"":141,""cy"":160}","{}"
050.jpg,22656,"{}",9,0,"{""name"":""point"",""cx"":102,""cy"":87}","{}"
050.jpg,22656,"{}",9,1,"{""name"":""point"",""cx"":110,""cy"":90}","{}"
050.jpg,22656,"{}",9,2,"{""name"":""point"",""cx"":117,""cy"":97}","{}"
050.jpg,22656,"{}",9,3,"{""name"":""point"",""cx"":149,""cy"":100}","{}"
050.jpg,22656,"{}",9,4,"{""name"":""point"",""cx"":157,""cy"":101}","{}"
050.jpg,22656,"{}",9,5,"{""name"":""point"",""cx"":166,""cy"":101}","{}"
050.jpg,22656,"{}",9,6,"{""name"":""point"",""cx"":108,""cy"":156}","{}"
050.jpg,22656,"{}",9,7,"{""name"":""point"",""cx"":124,""cy"":161}","{}"
050.jpg,22656,"{}",9,8,"{""name"":""point"",""cx"":141,""cy"":160}","{}"
051.jpg,13796,"{}",9,0,"{""name"":""point"",""cx"":89,""cy"":114}","{}"
051.jpg,13796,"{}",9,1,"{""name"":""point"",""cx"":98,""cy"":105}","{}"
051.jpg,13796,"{}",9,2,"{""name"":""point"",""cx"":111,""cy"":105}","{}"
051.jpg,13796,"{}",9,3,"{""name"":""point"",""cx"":136,""cy"":104}","{}"
051.jpg,13796,"{}",9,4,"{""name"":""point"",""cx"":150,""cy"":103}","{}"
051.jpg,13796,"{}",9,5,"{""name"":""point"",""cx"":159,""cy"":106}","{}"
051.jpg,13796,"{}",9,6,"{""name"":""point"",""cx"":111,""cy"":160}","{}"
051.jpg,13796,"{}",9,7,"{""name"":""point"",""cx"":128,""cy"":161}","{}"
051.jpg,13796,"{}",9,8,"{""name"":""point"",""cx"":146,""cy"":157}","{}"
052.jpg,15433,"{}",9,0,"{""name"":""point"",""cx"":90,""cy"":102}","{}"
052.jpg,15433,"{}",9,1,"{""name"":""point"",""cx"":104,""cy"":103}","{}"
052.jpg,15433,"{}",9,2,"{""name"":""point"",""cx"":114,""cy"":105}","{}"
052.jpg,15433,"{}",9,3,"{""name"":""point"",""cx"":134,""cy"":104}","{}"
052.jpg,15433,"{}",9,4,"{""name"":""point"",""cx"":150,""cy"":99}","{}"
052.jpg,15433,"{}",9,5,"{""name"":""point"",""cx"":160,""cy"":101}","{}"
052.jpg,15433,"{}",9,6,"{""name"":""point"",""cx"":104,""cy"":159}","{}"
052.jpg,15433,"{}",9,7,"{""name"":""point"",""cx"":124,""cy"":176}","{}"
052.jpg,15433,"{}",9,8,"{""name"":""point"",""cx"":149,""cy"":160}","{}"
053.jpg,26557,"{}",9,0,"{""name"":""point"",""cx"":92,""cy"":106}","{}"
053.jpg,26557,"{}",9,1,"{""name"":""point"",""cx"":102,""cy"":104}","{}"
053.jpg,26557,"{}",9,2,"{""name"":""point"",""cx"":114,""cy"":106}","{}"
053.jpg,26557,"{}",9,3,"{""name"":""point"",""cx"":143,""cy"":106}","{}"
053.jpg,26557,"{}",9,4,"{""name"":""point"",""cx"":154,""cy"":106}","{}"
053.jpg,26557,"{}",9,5,"{""name"":""point"",""cx"":162,""cy"":107}","{}"
053.jpg,26557,"{}",9,6,"{""name"":""point"",""cx"":104,""cy"":154}","{}"
053.jpg,26557,"{}",9,7,"{""name"":""point"",""cx"":127,""cy"":164}","{}"
053.jpg,26557,"{}",9,8,"{""name"":""point"",""cx"":150,""cy"":155}","{}"
054.jpg,19150,"{}",9,0,"{""name"":""point"",""cx"":85,""cy"":103}","{}"
054.jpg,19150,"{}",9,1,"{""name"":""point"",""cx"":98,""cy"":100}","{}"
054.jpg,19150,"{}",9,2,"{""name"":""point"",""cx"":111,""cy"":105}","{}"
054.jpg,19150,"{}",9,3,"{""name"":""point"",""cx"":137,""cy"":105}","{}"
054.jpg,19150,"{}",9,4,"{""name"":""point"",""cx"":151,""cy"":100}","{}"
054.jpg,19150,"{}",9,5,"{""name"":""point"",""cx"":165,""cy"":104}","{}"
054.jpg,19150,"{}",9,6,"{""name"":""point"",""cx"":103,""cy"":159}","{}"
054.jpg,19150,"{}",9,7,"{""name"":""point"",""cx"":122,""cy"":160}","{}"
054.jpg,19150,"{}",9,8,"{""name"":""point"",""cx"":143,""cy"":160}","{}"
055.jpg,15326,"{}",9,0,"{""name"":""point"",""cx"":79,""cy"":87}","{}"
055.jpg,15326,"{}",9,1,"{""name"":""point"",""cx"":89,""cy"":82}","{}"
055.jpg,15326,"{}",9,2,"{""name"":""point"",""cx"":106,""cy"":83}","{}"
055.jpg,15326,"{}",9,3,"{""name"":""point"",""cx"":148,""cy"":91}","{}"
055.jpg,15326,"{}",9,4,"{""name"":""point"",""cx"":165,""cy"":94}","{}"
055.jpg,15326,"{}",9,5,"{""name"":""point"",""cx"":173,""cy"":100}","{}"
055.jpg,15326,"{}",9,6,"{""name"":""point"",""cx"":92,""cy"":173}","{}"
055.jpg,15326,"{}",9,7,"{""name"":""point"",""cx"":114,""cy"":175}","{}"
055.jpg,15326,"{}",9,8,"{""name"":""point"",""cx"":136,""cy"":177}","{}"
056.jpg,24429,"{}",9,0,"{""name"":""point"",""cx"":95,""cy"":117}","{}"
056.jpg,24429,"{}",9,1,"{""name"":""point"",""cx"":108,""cy"":112}","{}"
056.jpg,24429,"{}",9,2,"{""name"":""point"",""cx"":119,""cy"":116}","{}"
056.jpg,24429,"{}",9,3,"{""name"":""point"",""cx"":136,""cy"":117}","{}"
056.jpg,24429,"{}",9,4,"{""name"":""point"",""cx"":147,""cy"":111}","{}"
056.jpg,24429,"{}",9,5,"{""name"":""point"",""cx"":162,""cy"":114}","{}"
056.jpg,24429,"{}",9,6,"{""name"":""point"",""cx"":118,""cy"":174}","{}"
056.jpg,24429,"{}",9,7,"{""name"":""point"",""cx"":130,""cy"":179}","{}"
056.jpg,24429,"{}",9,8,"{""name"":""point"",""cx"":143,""cy"":174}","{}"
057.jpg,16147,"{}",9,0,"{""name"":""point"",""cx"":77,""cy"":89}","{}"
057.jpg,16147,"{}",9,1,"{""name"":""point"",""cx"":92,""cy"":84}","{}"
057.jpg,16147,"{}",9,2,"{""name"":""point"",""cx"":108,""cy"":86}","{}"
057.jpg,16147,"{}",9,3,"{""name"":""point"",""cx"":132,""cy"":86}","{}"
057.jpg,16147,"{}",9,4,"{""name"":""point"",""cx"":146,""cy"":76}","{}"
057.jpg,16147,"{}",9,5,"{""name"":""point"",""cx"":153,""cy"":80}","{}"
057.jpg,16147,"{}",9,6,"{""name"":""point"",""cx"":109,""cy"":156}","{}"
057.jpg,16147,"{}",9,7,"{""name"":""point"",""cx"":129,""cy"":158}","{}"
057.jpg,16147,"{}",9,8,"{""name"":""point"",""cx"":140,""cy"":150}","{}"
058.jpg,14632,"{}",9,0,"{""name"":""point"",""cx"":90,""cy"":108}","{}"
058.jpg,14632,"{}",9,1,"{""name"":""point"",""cx"":103,""cy"":105}","{}"
058.jpg,14632,"{}",9,2,"{""name"":""point"",""cx"":114,""cy"":106}","{}"
058.jpg,14632,"{}",9,3,"{""name"":""point"",""cx"":138,""cy"":109}","{}"
058.jpg,14632,"{}",9,4,"{""name"":""point"",""cx"":151,""cy"":108}","{}"
058.jpg,14632,"{}",9,5,"{""name"":""point"",""cx"":160,""cy"":112}","{}"
058.jpg,14632,"{}",9,6,"{""name"":""point"",""cx"":108,""cy"":158}","{}"
058.jpg,14632,"{}",9,7,"{""name"":""point"",""cx"":124,""cy"":160}","{}"
058.jpg,14632,"{}",9,8,"{""name"":""point"",""cx"":140,""cy"":160}","{}"
059.jpg,18238,"{}",9,0,"{""name"":""point"",""cx"":88,""cy"":102}","{}"
059.jpg,18238,"{}",9,1,"{""name"":""point"",""cx"":100,""cy"":94}","{}"
059.jpg,18238,"{}",9,2,"{""name"":""point"",""cx"":114,""cy"":99}","{}"
059.jpg,18238,"{}",9,3,"{""name"":""point"",""cx"":142,""cy"":98}","{}"
059.jpg,18238,"{}",9,4,"{""name"":""point"",""cx"":154,""cy"":92}","{}"
059.jpg,18238,"{}",9,5,"{""name"":""point"",""cx"":165,""cy"":96}","{}"
059.jpg,18238,"{}",9,6,"{""name"":""point"",""cx"":111,""cy"":161}","{}"
059.jpg,18238,"{}",9,7,"{""name"":""point"",""cx"":128,""cy"":170}","{}"
059.jpg,18238,"{}",9,8,"{""name"":""point"",""cx"":144,""cy"":160}","{}"
060.jpg,19381,"{}",9,0,"{""name"":""point"",""cx"":93,""cy"":104}","{}"
060.jpg,19381,"{}",9,1,"{""name"":""point"",""cx"":101,""cy"":101}","{}"
060.jpg,19381,"{}",9,2,"{""name"":""point"",""cx"":111,""cy"":105}","{}"
060.jpg,19381,"{}",9,3,"{""name"":""point"",""cx"":142,""cy"":107}","{}"
060.jpg,19381,"{}",9,4,"{""name"":""point"",""cx"":153,""cy"":104}","{}"
060.jpg,19381,"{}",9,5,"{""name"":""point"",""cx"":165,""cy"":109}","{}"
060.jpg,19381,"{}",9,6,"{""name"":""point"",""cx"":113,""cy"":166}","{}"
060.jpg,19381,"{}",9,7,"{""name"":""point"",""cx"":125,""cy"":170}","{}"
060.jpg,19381,"{}",9,8,"{""name"":""point"",""cx"":136,""cy"":167}","{}"
061.jpg,21499,"{}",9,0,"{""name"":""point"",""cx"":90,""cy"":102}","{}"
061.jpg,21499,"{}",9,1,"{""name"":""point"",""cx"":101,""cy"":99}","{}"
061.jpg,21499,"{}",9,2,"{""name"":""point"",""cx"":112,""cy"":106}","{}"
061.jpg,21499,"{}",9,3,"{""name"":""point"",""cx"":146,""cy"":104}","{}"
061.jpg,21499,"{}",9,4,"{""name"":""point"",""cx"":154,""cy"":99}","{}"
061.jpg,21499,"{}",9,5,"{""name"":""point"",""cx"":164,""cy"":100}","{}"
061.jpg,21499,"{}",9,6,"{""name"":""point"",""cx"":116,""cy"":162}","{}"
061.jpg,21499,"{}",9,7,"{""name"":""point"",""cx"":128,""cy"":163}","{}"
061.jpg,21499,"{}",9,8,"{""name"":""point"",""cx"":144,""cy"":160}","{}"
062.jpg,15915,"{}",9,0,"{""name"":""point"",""cx"":86,""cy"":104}","{}"
062.jpg,15915,"{}",9,1,"{""name"":""point"",""cx"":94,""cy"":100}","{}"
062.jpg,15915,"{}",9,2,"{""name"":""point"",""cx"":105,""cy"":102}","{}"
062.jpg,15915,"{}",9,3,"{""name"":""point"",""cx"":121,""cy"":100}","{}"
062.jpg,15915,"{}",9,4,"{""name"":""point"",""cx"":135,""cy"":95}","{}"
062.jpg,15915,"{}",9,5,"{""name"":""point"",""cx"":150,""cy"":99}","{}"
062.jpg,15915,"{}",9,6,"{""name"":""point"",""cx"":106,""cy"":161}","{}"
062.jpg,15915,"{}",9,7,"{""name"":""point"",""cx"":114,""cy"":165}","{}"
062.jpg,15915,"{}",9,8,"{""name"":""point"",""cx"":133,""cy"":162}","{}"
063.jpg,16871,"{}",9,0,"{""name"":""point"",""cx"":86,""cy"":114}","{}"
063.jpg,16871,"{}",9,1,"{""name"":""point"",""cx"":98,""cy"":108}","{}"
063.jpg,16871,"{}",9,2,"{""name"":""point"",""cx"":112,""cy"":108}","{}"
063.jpg,16871,"{}",9,3,"{""name"":""point"",""cx"":131,""cy"":105}","{}"
063.jpg,16871,"{}",9,4,"{""name"":""point"",""cx"":144,""cy"":102}","{}"
063.jpg,16871,"{}",9,5,"{""name"":""point"",""cx"":155,""cy"":103}","{}"
063.jpg,16871,"{}",9,6,"{""name"":""point"",""cx"":110,""cy"":164}","{}"
063.jpg,16871,"{}",9,7,"{""name"":""point"",""cx"":125,""cy"":164}","{}"
063.jpg,16871,"{}",9,8,"{""name"":""point"",""cx"":141,""cy"":160}","{}"
064.jpg,15639,"{}",9,0,"{""name"":""point"",""cx"":90,""cy"":97}","{}"
064.jpg,15639,"{}",9,1,"{""name"":""point"",""cx"":101,""cy"":94}","{}"
064.jpg,15639,"{}",9,2,"{""name"":""point"",""cx"":112,""cy"":96}","{}"
064.jpg,15639,"{}",9,3,"{""name"":""point"",""cx"":132,""cy"":98}","{}"
064.jpg,15639,"{}",9,4,"{""name"":""point"",""cx"":149,""cy"":94}","{}"
064.jpg,15639,"{}",9,5,"{""name"":""point"",""cx"":161,""cy"":100}","{}"
064.jpg,15639,"{}",9,6,"{""name"":""point"",""cx"":99,""cy"":152}","{}"
064.jpg,15639,"{}",9,7,"{""name"":""point"",""cx"":120,""cy"":164}","{}"
064.jpg,15639,"{}",9,8,"{""name"":""point"",""cx"":143,""cy"":156}","{}"
065.jpg,18040,"{}",9,0,"{""name"":""point"",""cx"":85,""cy"":89}","{}"
065.jpg,18040,"{}",9,1,"{""name"":""point"",""cx"":98,""cy"":87}","{}"
065.jpg,18040,"{}",9,2,"{""name"":""point"",""cx"":110,""cy"":87}","{}"
065.jpg,18040,"{}",9,3,"{""name"":""point"",""cx"":142,""cy"":87}","{}"
065.jpg,18040,"{}",9,4,"{""name"":""point"",""cx"":159,""cy"":83}","{}"
065.jpg,18040,"{}",9,5,"{""name"":""point"",""cx"":173,""cy"":89}","{}"
065.jpg,18040,"{}",9,6,"{""name"":""point"",""cx"":110,""cy"":164}","{}"
065.jpg,18040,"{}",9,7,"{""name"":""point"",""cx"":128,""cy"":172}","{}"
065.jpg,18040,"{}",9,8,"{""name"":""point"",""cx"":150,""cy"":162}","{}"
066.jpg,23302,"{}",9,0,"{""name"":""point"",""cx"":93,""cy"":115}","{}"
066.jpg,23302,"{}",9,1,"{""name"":""point"",""cx"":111,""cy"":106}","{}"
066.jpg,23302,"{}",9,2,"{""name"":""point"",""cx"":131,""cy"":102}","{}"
066.jpg,23302,"{}",9,3,"{""name"":""point"",""cx"":154,""cy"":102}","{}"
066.jpg,23302,"{}",9,4,"{""name"":""point"",""cx"":163,""cy"":97}","{}"
066.jpg,23302,"{}",9,5,"{""name"":""point"",""cx"":168,""cy"":98}","{}"
066.jpg,23302,"{}",9,6,"{""name"":""point"",""cx"":122,""cy"":160}","{}"
066.jpg,23302,"{}",9,7,"{""name"":""point"",""cx"":146,""cy"":164}","{}"
066.jpg,23302,"{}",9,8,"{""name"":""point"",""cx"":153,""cy"":159}","{}"
067.jpg,23307,"{}",9,0,"{""name"":""point"",""cx"":89,""cy"":105}","{}"
067.jpg,23307,"{}",9,1,"{""name"":""point"",""cx"":102,""cy"":102}","{}"
067.jpg,23307,"{}",9,2,"{""name"":""point"",""cx"":113,""cy"":105}","{}"
067.jpg,23307,"{}",9,3,"{""name"":""point"",""cx"":132,""cy"":101}","{}"
067.jpg,23307,"{}",9,4,"{""name"":""point"",""cx"":144,""cy"":96}","{}"
067.jpg,23307,"{}",9,5,"{""name"":""point"",""cx"":153,""cy"":100}","{}"
067.jpg,23307,"{}",9,6,"{""name"":""point"",""cx"":111,""cy"":162}","{}"
067.jpg,23307,"{}",9,7,"{""name"":""point"",""cx"":132,""cy"":166}","{}"
067.jpg,23307,"{}",9,8,"{""name"":""point"",""cx"":146,""cy"":156}","{}"
068.jpg,19160,"{}",9,0,"{""name"":""point"",""cx"":84,""cy"":100}","{}"
068.jpg,19160,"{}",9,1,"{""name"":""point"",""cx"":92,""cy"":97}","{}"
068.jpg,19160,"{}",9,2,"{""name"":""point"",""cx"":103,""cy"":103}","{}"
068.jpg,19160,"{}",9,3,"{""name"":""point"",""cx"":133,""cy"":104}","{}"
068.jpg,19160,"{}",9,4,"{""name"":""point"",""cx"":143,""cy"":97}","{}"
068.jpg,19160,"{}",9,5,"{""name"":""point"",""cx"":157,""cy"":97}","{}"
068.jpg,19160,"{}",9,6,"{""name"":""point"",""cx"":108,""cy"":164}","{}"
068.jpg,19160,"{}",9,7,"{""name"":""point"",""cx"":122,""cy"":167}","{}"
068.jpg,19160,"{}",9,8,"{""name"":""point"",""cx"":135,""cy"":163}","{}"
069.jpg,15358,"{}",9,0,"{""name"":""point"",""cx"":82,""cy"":97}","{}"
069.jpg,15358,"{}",9,1,"{""name"":""point"",""cx"":95,""cy"":91}","{}"
069.jpg,15358,"{}",9,2,"{""name"":""point"",""cx"":112,""cy"":98}","{}"
069.jpg,15358,"{}",9,3,"{""name"":""point"",""cx"":135,""cy"":96}","{}"
069.jpg,15358,"{}",9,4,"{""name"":""point"",""cx"":150,""cy"":89}","{}"
069.jpg,15358,"{}",9,5,"{""name"":""point"",""cx"":162,""cy"":94}","{}"
069.jpg,15358,"{}",9,6,"{""name"":""point"",""cx"":102,""cy"":157}","{}"
069.jpg,15358,"{}",9,7,"{""name"":""point"",""cx"":125,""cy"":162}","{}"
069.jpg,15358,"{}",9,8,"{""name"":""point"",""cx"":146,""cy"":154}","{}"
070.jpg,23316,"{}",9,0,"{""name"":""point"",""cx"":85,""cy"":106}","{}"
070.jpg,23316,"{}",9,1,"{""name"":""point"",""cx"":95,""cy"":103}","{}"
070.jpg,23316,"{}",9,2,"{""name"":""point"",""cx"":109,""cy"":108}","{}"
070.jpg,23316,"{}",9,3,"{""name"":""point"",""cx"":136,""cy"":110}","{}"
070.jpg,23316,"{}",9,4,"{""name"":""point"",""cx"":154,""cy"":106}","{}"
070.jpg,23316,"{}",9,5,"{""name"":""point"",""cx"":160,""cy"":110}","{}"
070.jpg,23316,"{}",9,6,"{""name"":""point"",""cx"":104,""cy"":157}","{}"
070.jpg,23316,"{}",9,7,"{""name"":""point"",""cx"":120,""cy"":166}","{}"
070.jpg,23316,"{}",9,8,"{""name"":""point"",""cx"":137,""cy"":159}","{}"
071.jpg,15538,"{}",9,0,"{""name"":""point"",""cx"":90,""cy"":102}","{}"
071.jpg,15538,"{}",9,1,"{""name"":""point"",""cx"":101,""cy"":96}","{}"
071.jpg,15538,"{}",9,2,"{""name"":""point"",""cx"":116,""cy"":101}","{}"
071.jpg,15538,"{}",9,3,"{""name"":""point"",""cx"":141,""cy"":103}","{}"
071.jpg,15538,"{}",9,4,"{""name"":""point"",""cx"":155,""cy"":99}","{}"
071.jpg,15538,"{}",9,5,"{""name"":""point"",""cx"":166,""cy"":102}","{}"
071.jpg,15538,"{}",9,6,"{""name"":""point"",""cx"":109,""cy"":161}","{}"
071.jpg,15538,"{}",9,7,"{""name"":""point"",""cx"":127,""cy"":166}","{}"
071.jpg,15538,"{}",9,8,"{""name"":""point"",""cx"":144,""cy"":161}","{}"
072.jpg,22076,"{}",9,0,"{""name"":""point"",""cx"":88,""cy"":100}","{}"
072.jpg,22076,"{}",9,1,"{""name"":""point"",""cx"":98,""cy"":100}","{}"
072.jpg,22076,"{}",9,2,"{""name"":""point"",""cx"":108,""cy"":103}","{}"
072.jpg,22076,"{}",9,3,"{""name"":""point"",""cx"":136,""cy"":98}","{}"
072.jpg,22076,"{}",9,4,"{""name"":""point"",""cx"":147,""cy"":94}","{}"
072.jpg,22076,"{}",9,5,"{""name"":""point"",""cx"":158,""cy"":94}","{}"
072.jpg,22076,"{}",9,6,"{""name"":""point"",""cx"":107,""cy"":164}","{}"
072.jpg,22076,"{}",9,7,"{""name"":""point"",""cx"":122,""cy"":162}","{}"
072.jpg,22076,"{}",9,8,"{""name"":""point"",""cx"":140,""cy"":160}","{}"
073.jpg,21394,"{}",9,0,"{""name"":""point"",""cx"":91,""cy"":84}","{}"
073.jpg,21394,"{}",9,1,"{""name"":""point"",""cx"":104,""cy"":81}","{}"
073.jpg,21394,"{}",9,2,"{""name"":""point"",""cx"":116,""cy"":87}","{}"
073.jpg,21394,"{}",9,3,"{""name"":""point"",""cx"":142,""cy"":92}","{}"
073.jpg,21394,"{}",9,4,"{""name"":""point"",""cx"":160,""cy"":92}","{}"
073.jpg,21394,"{}",9,5,"{""name"":""point"",""cx"":171,""cy"":100}","{}"
073.jpg,21394,"{}",9,6,"{""name"":""point"",""cx"":100,""cy"":157}","{}"
073.jpg,21394,"{}",9,7,"{""name"":""point"",""cx"":116,""cy"":157}","{}"
073.jpg,21394,"{}",9,8,"{""name"":""point"",""cx"":133,""cy"":161}","{}"
074.jpg,18093,"{}",9,0,"{""name"":""point"",""cx"":84,""cy"":98}","{}"
074.jpg,18093,"{}",9,1,"{""name"":""point"",""cx"":96,""cy"":96}","{}"
074.jpg,18093,"{}",9,2,"{""name"":""point"",""cx"":109,""cy"":102}","{}"
074.jpg,18093,"{}",9,3,"{""name"":""point"",""cx"":137,""cy"":102}","{}"
074.jpg,18093,"{}",9,4,"{""name"":""point"",""cx"":154,""cy"":99}","{}"
074.jpg,18093,"{}",9,5,"{""name"":""point"",""cx"":166,""cy"":104}","{}"
074.jpg,18093,"{}",9,6,"{""name"":""point"",""cx"":106,""cy"":162}","{}"
074.jpg,18093,"{}",9,7,"{""name"":""point"",""cx"":121,""cy"":168}","{}"
074.jpg,18093,"{}",9,8,"{""name"":""point"",""cx"":137,""cy"":163}","{}"
075.jpg,15981,"{}",9,0,"{""name"":""point"",""cx"":89,""cy"":110}","{}"
075.jpg,15981,"{}",9,1,"{""name"":""point"",""cx"":102,""cy"":103}","{}"
075.jpg,15981,"{}",9,2,"{""name"":""point"",""cx"":117,""cy"":104}","{}"
075.jpg,15981,"{}",9,3,"{""name"":""point"",""cx"":139,""cy"":102}","{}"
075.jpg,15981,"{}",9,4,"{""name"":""point"",""cx"":149,""cy"":98}","{}"
075.jpg,15981,"{}",9,5,"{""name"":""point"",""cx"":160,""cy"":104}","{}"
075.jpg,15981,"{}",9,6,"{""name"":""point"",""cx"":114,""cy"":158}","{}"
075.jpg,15981,"{}",9,7,"{""name"":""point"",""cx"":133,""cy"":160}","{}"
075.jpg,15981,"{}",9,8,"{""name"":""point"",""cx"":148,""cy"":158}","{}"
076.jpg,13049,"{}",9,0,"{""name"":""point"",""cx"":78,""cy"":103}","{}"
076.jpg,13049,"{}",9,1,"{""name"":""point"",""cx"":87,""cy"":102}","{}"
076.jpg,13049,"{}",9,2,"{""name"":""point"",""cx"":98,""cy"":106}","{}"
076.jpg,13049,"{}",9,3,"{""name"":""point"",""cx"":118,""cy"":104}","{}"
076.jpg,13049,"{}",9,4,"{""name"":""point"",""cx"":134,""cy"":98}","{}"
076.jpg,13049,"{}",9,5,"{""name"":""point"",""cx"":148,""cy"":104}","{}"
076.jpg,13049,"{}",9,6,"{""name"":""point"",""cx"":96,""cy"":166}","{}"
076.jpg,13049,"{}",9,7,"{""name"":""point"",""cx"":112,""cy"":167}","{}"
076.jpg,13049,"{}",9,8,"{""name"":""point"",""cx"":130,""cy"":168}","{}"
077.jpg,19819,"{}",9,0,"{""name"":""point"",""cx"":78,""cy"":114}","{}"
077.jpg,19819,"{}",9,1,"{""name"":""point"",""cx"":91,""cy"":105}","{}"
077.jpg,19819,"{}",9,2,"{""name"":""point"",""cx"":103,""cy"":107}","{}"
077.jpg,19819,"{}",9,3,"{""name"":""point"",""cx"":129,""cy"":104}","{}"
077.jpg,19819,"{}",9,4,"{""name"":""point"",""cx"":140,""cy"":100}","{}"
077.jpg,19819,"{}",9,5,"{""name"":""point"",""cx"":151,""cy"":104}","{}"
077.jpg,19819,"{}",9,6,"{""name"":""point"",""cx"":94,""cy"":158}","{}"
077.jpg,19819,"{}",9,7,"{""name"":""point"",""cx"":122,""cy"":157}","{}"
077.jpg,19819,"{}",9,8,"{""name"":""point"",""cx"":146,""cy"":151}","{}"
078.jpg,18185,"{}",9,0,"{""name"":""point"",""cx"":94,""cy"":106}","{}"
078.jpg,18185,"{}",9,1,"{""name"":""point"",""cx"":109,""cy"":99}","{}"
078.jpg,18185,"{}",9,2,"{""name"":""point"",""cx"":121,""cy"":101}","{}"
078.jpg,18185,"{}",9,3,"{""name"":""point"",""cx"":150,""cy"":103}","{}"
078.jpg,18185,"{}",9,4,"{""name"":""point"",""cx"":159,""cy"":100}","{}"
078.jpg,18185,"{}",9,5,"{""name"":""point"",""cx"":168,""cy"":104}","{}"
078.jpg,18185,"{}",9,6,"{""name"":""point"",""cx"":111,""cy"":158}","{}"
078.jpg,18185,"{}",9,7,"{""name"":""point"",""cx"":131,""cy"":164}","{}"
078.jpg,18185,"{}",9,8,"{""name"":""point"",""cx"":148,""cy"":158}","{}"
079.jpg,15976,"{}",9,0,"{""name"":""point"",""cx"":94,""cy"":111}","{}"
079.jpg,15976,"{}",9,1,"{""name"":""point"",""cx"":107,""cy"":105}","{}"
079.jpg,15976,"{}",9,2,"{""name"":""point"",""cx"":122,""cy"":108}","{}"
079.jpg,15976,"{}",9,3,"{""name"":""point"",""cx"":138,""cy"":104}","{}"
079.jpg,15976,"{}",9,4,"{""name"":""point"",""cx"":151,""cy"":100}","{}"
079.jpg,15976,"{}",9,5,"{""name"":""point"",""cx"":158,""cy"":104}","{}"
079.jpg,15976,"{}",9,6,"{""name"":""point"",""cx"":115,""cy"":160}","{}"
079.jpg,15976,"{}",9,7,"{""name"":""point"",""cx"":138,""cy"":156}","{}"
079.jpg,15976,"{}",9,8,"{""name"":""point"",""cx"":154,""cy"":156}","{}"
080.jpg,16607,"{}",9,0,"{""name"":""point"",""cx"":79,""cy"":97}","{}"
080.jpg,16607,"{}",9,1,"{""name"":""point"",""cx"":88,""cy"":92}","{}"
080.jpg,16607,"{}",9,2,"{""name"":""point"",""cx"":107,""cy"":94}","{}"
080.jpg,16607,"{}",9,3,"{""name"":""point"",""cx"":136,""cy"":92}","{}"
080.jpg,16607,"{}",9,4,"{""name"":""point"",""cx"":160,""cy"":84}","{}"
080.jpg,16607,"{}",9,5,"{""name"":""point"",""cx"":175,""cy"":88}","{}"
080.jpg,16607,"{}",9,6,"{""name"":""point"",""cx"":107,""cy"":158}","{}"
080.jpg,16607,"{}",9,7,"{""name"":""point"",""cx"":126,""cy"":159}","{}"
080.jpg,16607,"{}",9,8,"{""name"":""point"",""cx"":146,""cy"":158}","{}"
081.jpg,19684,"{}",9,0,"{""name"":""point"",""cx"":87,""cy"":111}","{}"
081.jpg,19684,"{}",9,1,"{""name"":""point"",""cx"":100,""cy"":103}","{}"
081.jpg,19684,"{}",9,2,"{""name"":""point"",""cx"":115,""cy"":107}","{}"
081.jpg,19684,"{}",9,3,"{""name"":""point"",""cx"":136,""cy"":106}","{}"
081.jpg,19684,"{}",9,4,"{""name"":""point"",""cx"":151,""cy"":101}","{}"
081.jpg,19684,"{}",9,5,"{""name"":""point"",""cx"":164,""cy"":113}","{}"
081.jpg,19684,"{}",9,6,"{""name"":""point"",""cx"":103,""cy"":158}","{}"
081.jpg,19684,"{}",9,7,"{""name"":""point"",""cx"":123,""cy"":163}","{}"
081.jpg,19684,"{}",9,8,"{""name"":""point"",""cx"":146,""cy"":156}","{}"
082.jpg,21948,"{}",9,0,"{""name"":""point"",""cx"":83,""cy"":112}","{}"
082.jpg,21948,"{}",9,1,"{""name"":""point"",""cx"":93,""cy"":107}","{}"
082.jpg,21948,"{}",9,2,"{""name"":""point"",""cx"":106,""cy"":108}","{}"
082.jpg,21948,"{}",9,3,"{""name"":""point"",""cx"":122,""cy"":104}","{}"
082.jpg,21948,"{}",9,4,"{""name"":""point"",""cx"":138,""cy"":100}","{}"
082.jpg,21948,"{}",9,5,"{""name"":""point"",""cx"":153,""cy"":102}","{}"
082.jpg,21948,"{}",9,6,"{""name"":""point"",""cx"":108,""cy"":164}","{}"
082.jpg,21948,"{}",9,7,"{""name"":""point"",""cx"":123,""cy"":168}","{}"
082.jpg,21948,"{}",9,8,"{""name"":""point"",""cx"":142,""cy"":160}","{}"
083.jpg,16836,"{}",9,0,"{""name"":""point"",""cx"":93,""cy"":105}","{}"
083.jpg,16836,"{}",9,1,"{""name"":""point"",""cx"":105,""cy"":102}","{}"
083.jpg,16836,"{}",9,2,"{""name"":""point"",""cx"":116,""cy"":102}","{}"
083.jpg,16836,"{}",9,3,"{""name"":""point"",""cx"":138,""cy"":101}","{}"
083.jpg,16836,"{}",9,4,"{""name"":""point"",""cx"":154,""cy"":102}","{}"
083.jpg,16836,"{}",9,5,"{""name"":""point"",""cx"":164,""cy"":107}","{}"
083.jpg,16836,"{}",9,6,"{""name"":""point"",""cx"":111,""cy"":161}","{}"
083.jpg,16836,"{}",9,7,"{""name"":""point"",""cx"":130,""cy"":160}","{}"
083.jpg,16836,"{}",9,8,"{""name"":""point"",""cx"":146,""cy"":159}","{}"
084.jpg,19102,"{}",9,0,"{""name"":""point"",""cx"":84,""cy"":110}","{}"
084.jpg,19102,"{}",9,1,"{""name"":""point"",""cx"":100,""cy"":108}","{}"
084.jpg,19102,"{}",9,2,"{""name"":""point"",""cx"":115,""cy"":110}","{}"
084.jpg,19102,"{}",9,3,"{""name"":""point"",""cx"":138,""cy"":108}","{}"
084.jpg,19102,"{}",9,4,"{""name"":""point"",""cx"":155,""cy"":104}","{}"
084.jpg,19102,"{}",9,5,"{""name"":""point"",""cx"":169,""cy"":107}","{}"
084.jpg,19102,"{}",9,6,"{""name"":""point"",""cx"":113,""cy"":168}","{}"
084.jpg,19102,"{}",9,7,"{""name"":""point"",""cx"":127,""cy"":168}","{}"
084.jpg,19102,"{}",9,8,"{""name"":""point"",""cx"":144,""cy"":166}","{}"
085.jpg,16581,"{}",9,0,"{""name"":""point"",""cx"":84,""cy"":104}","{}"
085.jpg,16581,"{}",9,1,"{""name"":""point"",""cx"":93,""cy"":93}","{}"
085.jpg,16581,"{}",9,2,"{""name"":""point"",""cx"":109,""cy"":92}","{}"
085.jpg,16581,"{}",9,3,"{""name"":""point"",""cx"":136,""cy"":88}","{}"
085.jpg,16581,"{}",9,4,"{""name"":""point"",""cx"":152,""cy"":88}","{}"
085.jpg,16581,"{}",9,5,"{""name"":""point"",""cx"":162,""cy"":95}","{}"
085.jpg,16581,"{}",9,6,"{""name"":""point"",""cx"":112,""cy"":162}","{}"
085.jpg,16581,"{}",9,7,"{""name"":""point"",""cx"":129,""cy"":168}","{}"
085.jpg,16581,"{}",9,8,"{""name"":""point"",""cx"":145,""cy"":159}","{}"
086.jpg,17832,"{}",9,0,"{""name"":""point"",""cx"":90,""cy"":115}","{}"
086.jpg,17832,"{}",9,1,"{""name"":""point"",""cx"":99,""cy"":106}","{}"
086.jpg,17832,"{}",9,2,"{""name"":""point"",""cx"":117,""cy"":108}","{}"
086.jpg,17832,"{}",9,3,"{""name"":""point"",""cx"":138,""cy"":104}","{}"
086.jpg,17832,"{}",9,4,"{""name"":""point"",""cx"":152,""cy"":100}","{}"
086.jpg,17832,"{}",9,5,"{""name"":""point"",""cx"":160,""cy"":104}","{}"
086.jpg,17832,"{}",9,6,"{""name"":""point"",""cx"":119,""cy"":164}","{}"
086.jpg,17832,"{}",9,7,"{""name"":""point"",""cx"":136,""cy"":167}","{}"
086.jpg,17832,"{}",9,8,"{""name"":""point"",""cx"":147,""cy"":161}","{}"
087.jpg,20689,"{}",9,0,"{""name"":""point"",""cx"":84,""cy"":106}","{}"
087.jpg,20689,"{}",9,1,"{""name"":""point"",""cx"":94,""cy"":100}","{}"
087.jpg,20689,"{}",9,2,"{""name"":""point"",""cx"":108,""cy"":102}","{}"
087.jpg,20689,"{}",9,3,"{""name"":""point"",""cx"":133,""cy"":104}","{}"
087.jpg,20689,"{}",9,4,"{""name"":""point"",""cx"":149,""cy"":102}","{}"
087.jpg,20689,"{}",9,5,"{""name"":""point"",""cx"":162,""cy"":109}","{}"
087.jpg,20689,"{}",9,6,"{""name"":""point"",""cx"":105,""cy"":161}","{}"
087.jpg,20689,"{}",9,7,"{""name"":""point"",""cx"":120,""cy"":157}","{}"
087.jpg,20689,"{}",9,8,"{""name"":""point"",""cx"":134,""cy"":162}","{}"
088.jpg,21429,"{}",9,0,"{""name"":""point"",""cx"":84,""cy"":100}","{}"
088.jpg,21429,"{}",9,1,"{""name"":""point"",""cx"":94,""cy"":102}","{}"
088.jpg,21429,"{}",9,2,"{""name"":""point"",""cx"":104,""cy"":108}","{}"
088.jpg,21429,"{}",9,3,"{""name"":""point"",""cx"":124,""cy"":106}","{}"
088.jpg,21429,"{}",9,4,"{""name"":""point"",""cx"":136,""cy"":101}","{}"
088.jpg,21429,"{}",9,5,"{""name"":""point"",""cx"":152,""cy"":103}","{}"
088.jpg,21429,"{}",9,6,"{""name"":""point"",""cx"":103,""cy"":167}","{}"
088.jpg,21429,"{}",9,7,"{""name"":""point"",""cx"":115,""cy"":170}","{}"
088.jpg,21429,"{}",9,8,"{""name"":""point"",""cx"":136,""cy"":169}","{}"
089.jpg,19682,"{}",9,0,"{""name"":""point"",""cx"":90,""cy"":108}","{}"
089.jpg,19682,"{}",9,1,"{""name"":""point"",""cx"":96,""cy"":106}","{}"
089.jpg,19682,"{}",9,2,"{""name"":""point"",""cx"":106,""cy"":109}","{}"
089.jpg,19682,"{}",9,3,"{""name"":""point"",""cx"":126,""cy"":109}","{}"
089.jpg,19682,"{}",9,4,"{""name"":""point"",""cx"":137,""cy"":106}","{}"
089.jpg,19682,"{}",9,5,"{""name"":""point"",""cx"":149,""cy"":106}","{}"
089.jpg,19682,"{}",9,6,"{""name"":""point"",""cx"":102,""cy"":156}","{}"
089.jpg,19682,"{}",9,7,"{""name"":""point"",""cx"":118,""cy"":166}","{}"
089.jpg,19682,"{}",9,8,"{""name"":""point"",""cx"":141,""cy"":154}","{}"
090.jpg,18684,"{}",9,0,"{""name"":""point"",""cx"":82,""cy"":108}","{}"
090.jpg,18684,"{}",9,1,"{""name"":""point"",""cx"":93,""cy"":103}","{}"
090.jpg,18684,"{}",9,2,"{""name"":""point"",""cx"":104,""cy"":104}","{}"
090.jpg,18684,"{}",9,3,"{""name"":""point"",""cx"":128,""cy"":102}","{}"
090.jpg,18684,"{}",9,4,"{""name"":""point"",""cx"":143,""cy"":100}","{}"
090.jpg,18684,"{}",9,5,"{""name"":""point"",""cx"":153,""cy"":103}","{}"
090.jpg,18684,"{}",9,6,"{""name"":""point"",""cx"":101,""cy"":164}","{}"
090.jpg,18684,"{}",9,7,"{""name"":""point"",""cx"":119,""cy"":169}","{}"
090.jpg,18684,"{}",9,8,"{""name"":""point"",""cx"":141,""cy"":160}","{}"
091.jpg,17055,"{}",9,0,"{""name"":""point"",""cx"":85,""cy"":108}","{}"
091.jpg,17055,"{}",9,1,"{""name"":""point"",""cx"":97,""cy"":102}","{}"
091.jpg,17055,"{}",9,2,"{""name"":""point"",""cx"":114,""cy"":107}","{}"
091.jpg,17055,"{}",9,3,"{""name"":""point"",""cx"":140,""cy"":102}","{}"
091.jpg,17055,"{}",9,4,"{""name"":""point"",""cx"":154,""cy"":98}","{}"
091.jpg,17055,"{}",9,5,"{""name"":""point"",""cx"":164,""cy"":102}","{}"
091.jpg,17055,"{}",9,6,"{""name"":""point"",""cx"":108,""cy"":153}","{}"
091.jpg,17055,"{}",9,7,"{""name"":""point"",""cx"":131,""cy"":159}","{}"
091.jpg,17055,"{}",9,8,"{""name"":""point"",""cx"":150,""cy"":149}","{}"
092.jpg,18381,"{}",9,0,"{""name"":""point"",""cx"":92,""cy"":114}","{}"
092.jpg,18381,"{}",9,1,"{""name"":""point"",""cx"":107,""cy"":104}","{}"
092.jpg,18381,"{}",9,2,"{""name"":""point"",""cx"":126,""cy"":105}","{}"
092.jpg,18381,"{}",9,3,"{""name"":""point"",""cx"":148,""cy"":103}","{}"
092.jpg,18381,"{}",9,4,"{""name"":""point"",""cx"":159,""cy"":94}","{}"
092.jpg,18381,"{}",9,5,"{""name"":""point"",""cx"":162,""cy"":97}","{}"
092.jpg,18381,"{}",9,6,"{""name"":""point"",""cx"":127,""cy"":165}","{}"
092.jpg,18381,"{}",9,7,"{""name"":""point"",""cx"":150,""cy"":165}","{}"
092.jpg,18381,"{}",9,8,"{""name"":""point"",""cx"":158,""cy"":159}","{}"
093.jpg,17188,"{}",9,0,"{""name"":""point"",""cx"":80,""cy"":108}","{}"
093.jpg,17188,"{}",9,1,"{""name"":""point"",""cx"":88,""cy"":103}","{}"
093.jpg,17188,"{}",9,2,"{""name"":""point"",""cx"":104,""cy"":108}","{}"
093.jpg,17188,"{}",9,3,"{""name"":""point"",""cx"":125,""cy"":104}","{}"
093.jpg,17188,"{}",9,4,"{""name"":""point"",""cx"":144,""cy"":94}","{}"
093.jpg,17188,"{}",9,5,"{""name"":""point"",""cx"":152,""cy"":98}","{}"
093.jpg,17188,"{}",9,6,"{""name"":""point"",""cx"":114,""cy"":159}","{}"
093.jpg,17188,"{}",9,7,"{""name"":""point"",""cx"":131,""cy"":164}","{}"
093.jpg,17188,"{}",9,8,"{""name"":""point"",""cx"":145,""cy"":159}","{}"
094.jpg,23079,"{}",9,0,"{""name"":""point"",""cx"":86,""cy"":96}","{}"
094.jpg,23079,"{}",9,1,"{""name"":""point"",""cx"":94,""cy"":88}","{}"
094.jpg,23079,"{}",9,2,"{""name"":""point"",""cx"":109,""cy"":92}","{}"
094.jpg,23079,"{}",9,3,"{""name"":""point"",""cx"":136,""cy"":92}","{}"
094.jpg,23079,"{}",9,4,"{""name"":""point"",""cx"":155,""cy"":86}","{}"
094.jpg,23079,"{}",9,5,"{""name"":""point"",""cx"":162,""cy"":91}","{}"
094.jpg,23079,"{}",9,6,"{""name"":""point"",""cx"":104,""cy"":158}","{}"
094.jpg,23079,"{}",9,7,"{""name"":""point"",""cx"":122,""cy"":159}","{}"
094.jpg,23079,"{}",9,8,"{""name"":""point"",""cx"":140,""cy"":156}","{}"
095.jpg,18557,"{}",9,0,"{""name"":""point"",""cx"":94,""cy"":117}","{}"
095.jpg,18557,"{}",9,1,"{""name"":""point"",""cx"":109,""cy"":113}","{}"
095.jpg,18557,"{}",9,2,"{""name"":""point"",""cx"":125,""cy"":116}","{}"
095.jpg,18557,"{}",9,3,"{""name"":""point"",""cx"":152,""cy"":108}","{}"
095.jpg,18557,"{}",9,4,"{""name"":""point"",""cx"":165,""cy"":100}","{}"
095.jpg,18557,"{}",9,5,"{""name"":""point"",""cx"":175,""cy"":100}","{}"
095.jpg,18557,"{}",9,6,"{""name"":""point"",""cx"":114,""cy"":168}","{}"
095.jpg,18557,"{}",9,7,"{""name"":""point"",""cx"":143,""cy"":180}","{}"
095.jpg,18557,"{}",9,8,"{""name"":""point"",""cx"":162,""cy"":158}","{}"
096.jpg,18080,"{}",9,0,"{""name"":""point"",""cx"":84,""cy"":104}","{}"
096.jpg,18080,"{}",9,1,"{""name"":""point"",""cx"":95,""cy"":99}","{}"
096.jpg,18080,"{}",9,2,"{""name"":""point"",""cx"":115,""cy"":107}","{}"
096.jpg,18080,"{}",9,3,"{""name"":""point"",""cx"":141,""cy"":106}","{}"
096.jpg,18080,"{}",9,4,"{""name"":""point"",""cx"":160,""cy"":98}","{}"
096.jpg,18080,"{}",9,5,"{""name"":""point"",""cx"":166,""cy"":101}","{}"
096.jpg,18080,"{}",9,6,"{""name"":""point"",""cx"":108,""cy"":158}","{}"
096.jpg,18080,"{}",9,7,"{""name"":""point"",""cx"":131,""cy"":164}","{}"
096.jpg,18080,"{}",9,8,"{""name"":""point"",""cx"":151,""cy"":155}","{}"
097.jpg,15015,"{}",9,0,"{""name"":""point"",""cx"":84,""cy"":103}","{}"
097.jpg,15015,"{}",9,1,"{""name"":""point"",""cx"":92,""cy"":101}","{}"
097.jpg,15015,"{}",9,2,"{""name"":""point"",""cx"":112,""cy"":109}","{}"
097.jpg,15015,"{}",9,3,"{""name"":""point"",""cx"":138,""cy"":107}","{}"
097.jpg,15015,"{}",9,4,"{""name"":""point"",""cx"":160,""cy"":100}","{}"
097.jpg,15015,"{}",9,5,"{""name"":""point"",""cx"":168,""cy"":106}","{}"
097.jpg,15015,"{}",9,6,"{""name"":""point"",""cx"":103,""cy"":160}","{}"
097.jpg,15015,"{}",9,7,"{""name"":""point"",""cx"":122,""cy"":167}","{}"
097.jpg,15015,"{}",9,8,"{""name"":""point"",""cx"":146,""cy"":160}","{}"
098.jpg,22693,"{}",9,0,"{""name"":""point"",""cx"":86,""cy"":108}","{}"
098.jpg,22693,"{}",9,1,"{""name"":""point"",""cx"":96,""cy"":105}","{}"
098.jpg,22693,"{}",9,2,"{""name"":""point"",""cx"":112,""cy"":106}","{}"
098.jpg,22693,"{}",9,3,"{""name"":""point"",""cx"":139,""cy"":105}","{}"
098.jpg,22693,"{}",9,4,"{""name"":""point"",""cx"":156,""cy"":105}","{}"
098.jpg,22693,"{}",9,5,"{""name"":""point"",""cx"":164,""cy"":108}","{}"
098.jpg,22693,"{}",9,6,"{""name"":""point"",""cx"":105,""cy"":158}","{}"
098.jpg,22693,"{}",9,7,"{""name"":""point"",""cx"":126,""cy"":167}","{}"
098.jpg,22693,"{}",9,8,"{""name"":""point"",""cx"":146,""cy"":155}","{}"
099.jpg,16009,"{}",9,0,"{""name"":""point"",""cx"":88,""cy"":105}","{}"
099.jpg,16009,"{}",9,1,"{""name"":""point"",""cx"":97,""cy"":102}","{}"
099.jpg,16009,"{}",9,2,"{""name"":""point"",""cx"":107,""cy"":102}","{}"
099.jpg,16009,"{}",9,3,"{""name"":""point"",""cx"":138,""cy"":102}","{}"
099.jpg,16009,"{}",9,4,"{""name"":""point"",""cx"":150,""cy"":100}","{}"
099.jpg,16009,"{}",9,5,"{""name"":""point"",""cx"":163,""cy"":103}","{}"
099.jpg,16009,"{}",9,6,"{""name"":""point"",""cx"":107,""cy"":158}","{}"
099.jpg,16009,"{}",9,7,"{""name"":""point"",""cx"":124,""cy"":168}","{}"
099.jpg,16009,"{}",9,8,"{""name"":""point"",""cx"":145,""cy"":158}","{}"
100.jpg,18728,"{}",9,0,"{""name"":""point"",""cx"":82,""cy"":106}","{}"
100.jpg,18728,"{}",9,1,"{""name"":""point"",""cx"":90,""cy"":101}","{}"
100.jpg,18728,"{}",9,2,"{""name"":""point"",""cx"":105,""cy"":105}","{}"
100.jpg,18728,"{}",9,3,"{""name"":""point"",""cx"":135,""cy"":102}","{}"
100.jpg,18728,"{}",9,4,"{""name"":""point"",""cx"":152,""cy"":97}","{}"
100.jpg,18728,"{}",9,5,"{""name"":""point"",""cx"":162,""cy"":100}","{}"
100.jpg,18728,"{}",9,6,"{""name"":""point"",""cx"":106,""cy"":158}","{}"
100.jpg,18728,"{}",9,7,"{""name"":""point"",""cx"":126,""cy"":167}","{}"
100.jpg,18728,"{}",9,8,"{""name"":""point"",""cx"":148,""cy"":155}","{}"
101.jpg,21688,"{}",9,0,"{""name"":""point"",""cx"":90,""cy"":105}","{}"
101.jpg,21688,"{}",9,1,"{""name"":""point"",""cx"":98,""cy"":100}","{}"
101.jpg,21688,"{}",9,2,"{""name"":""point"",""cx"":114,""cy"":101}","{}"
101.jpg,21688,"{}",9,3,"{""name"":""point"",""cx"":142,""cy"":101}","{}"
101.jpg,21688,"{}",9,4,"{""name"":""point"",""cx"":153,""cy"":97}","{}"
101.jpg,21688,"{}",9,5,"{""name"":""point"",""cx"":164,""cy"":102}","{}"
101.jpg,21688,"{}",9,6,"{""name"":""point"",""cx"":108,""cy"":156}","{}"
101.jpg,21688,"{}",9,7,"{""name"":""point"",""cx"":128,""cy"":159}","{}"
101.jpg,21688,"{}",9,8,"{""name"":""point"",""cx"":146,""cy"":155}","{}"
102.jpg,20503,"{}",9,0,"{""name"":""point"",""cx"":88,""cy"":104}","{}"
102.jpg,20503,"{}",9,1,"{""name"":""point"",""cx"":97,""cy"":100}","{}"
102.jpg,20503,"{}",9,2,"{""name"":""point"",""cx"":111,""cy"":104}","{}"
102.jpg,20503,"{}",9,3,"{""name"":""point"",""cx"":138,""cy"":105}","{}"
102.jpg,20503,"{}",9,4,"{""name"":""point"",""cx"":155,""cy"":100}","{}"
102.jpg,20503,"{}",9,5,"{""name"":""point"",""cx"":162,""cy"":102}","{}"
102.jpg,20503,"{}",9,6,"{""name"":""point"",""cx"":106,""cy"":157}","{}"
102.jpg,20503,"{}",9,7,"{""name"":""point"",""cx"":124,""cy"":160}","{}"
102.jpg,20503,"{}",9,8,"{""name"":""point"",""cx"":144,""cy"":156}","{}"
103.jpg,18518,"{}",9,0,"{""name"":""point"",""cx"":99,""cy"":112}","{}"
103.jpg,18518,"{}",9,1,"{""name"":""point"",""cx"":117,""cy"":104}","{}"
103.jpg,18518,"{}",9,2,"{""name"":""point"",""cx"":134,""cy"":104}","{}"
103.jpg,18518,"{}",9,3,"{""name"":""point"",""cx"":154,""cy"":103}","{}"
103.jpg,18518,"{}",9,4,"{""name"":""point"",""cx"":167,""cy"":103}","{}"
103.jpg,18518,"{}",9,5,"{""name"":""point"",""cx"":171,""cy"":108}","{}"
103.jpg,18518,"{}",9,6,"{""name"":""point"",""cx"":121,""cy"":164}","{}"
103.jpg,18518,"{}",9,7,"{""name"":""point"",""cx"":146,""cy"":161}","{}"
103.jpg,18518,"{}",9,8,"{""name"":""point"",""cx"":156,""cy"":164}","{}"
104.jpg,20250,"{}",9,0,"{""name"":""point"",""cx"":96,""cy"":108}","{}"
104.jpg,20250,"{}",9,1,"{""name"":""point"",""cx"":110,""cy"":104}","{}"
104.jpg,20250,"{}",9,2,"{""name"":""point"",""cx"":120,""cy"":104}","{}"
104.jpg,20250,"{}",9,3,"{""name"":""point"",""cx"":140,""cy"":105}","{}"
104.jpg,20250,"{}",9,4,"{""name"":""point"",""cx"":154,""cy"":106}","{}"
104.jpg,20250,"{}",9,5,"{""name"":""point"",""cx"":164,""cy"":109}","{}"
104.jpg,20250,"{}",9,6,"{""name"":""point"",""cx"":112,""cy"":161}","{}"
104.jpg,20250,"{}",9,7,"{""name"":""point"",""cx"":129,""cy"":162}","{}"
104.jpg,20250,"{}",9,8,"{""name"":""point"",""cx"":143,""cy"":161}","{}"
105.jpg,14678,"{}",9,0,"{""name"":""point"",""cx"":91,""cy"":103}","{}"
105.jpg,14678,"{}",9,1,"{""name"":""point"",""cx"":107,""cy"":102}","{}"
105.jpg,14678,"{}",9,2,"{""name"":""point"",""cx"":118,""cy"":104}","{}"
105.jpg,14678,"{}",9,3,"{""name"":""point"",""cx"":140,""cy"":104}","{}"
105.jpg,14678,"{}",9,4,"{""name"":""point"",""cx"":154,""cy"":102}","{}"
105.jpg,14678,"{}",9,5,"{""name"":""point"",""cx"":166,""cy"":104}","{}"
105.jpg,14678,"{}",9,6,"{""name"":""point"",""cx"":109,""cy"":159}","{}"
105.jpg,14678,"{}",9,7,"{""name"":""point"",""cx"":128,""cy"":163}","{}"
105.jpg,14678,"{}",9,8,"{""name"":""point"",""cx"":146,""cy"":158}","{}"
106.jpg,16804,"{}",9,0,"{""name"":""point"",""cx"":86,""cy"":108}","{}"
106.jpg,16804,"{}",9,1,"{""name"":""point"",""cx"":100,""cy"":106}","{}"
106.jpg,16804,"{}",9,2,"{""name"":""point"",""cx"":112,""cy"":110}","{}"
106.jpg,16804,"{}",9,3,"{""name"":""point"",""cx"":137,""cy"":100}","{}"
106.jpg,16804,"{}",9,4,"{""name"":""point"",""cx"":148,""cy"":94}","{}"
106.jpg,16804,"{}",9,5,"{""name"":""point"",""cx"":160,""cy"":101}","{}"
106.jpg,16804,"{}",9,6,"{""name"":""point"",""cx"":108,""cy"":167}","{}"
106.jpg,16804,"{}",9,7,"{""name"":""point"",""cx"":124,""cy"":168}","{}"
106.jpg,16804,"{}",9,8,"{""name"":""point"",""cx"":137,""cy"":167}","{}"
107.jpg,19274,"{}",9,0,"{""name"":""point"",""cx"":92,""cy"":106}","{}"
107.jpg,19274,"{}",9,1,"{""name"":""point"",""cx"":104,""cy"":98}","{}"
107.jpg,19274,"{}",9,2,"{""name"":""point"",""cx"":117,""cy"":102}","{}"
107.jpg,19274,"{}",9,3,"{""name"":""point"",""cx"":140,""cy"":102}","{}"
107.jpg,19274,"{}",9,4,"{""name"":""point"",""cx"":155,""cy"":99}","{}"
107.jpg,19274,"{}",9,5,"{""name"":""point"",""cx"":162,""cy"":106}","{}"
107.jpg,19274,"{}",9,6,"{""name"":""point"",""cx"":113,""cy"":162}","{}"
107.jpg,19274,"{}",9,7,"{""name"":""point"",""cx"":130,""cy"":164}","{}"
107.jpg,19274,"{}",9,8,"{""name"":""point"",""cx"":142,""cy"":162}","{}"
108.jpg,19911,"{}",9,0,"{""name"":""point"",""cx"":91,""cy"":105}","{}"
108.jpg,19911,"{}",9,1,"{""name"":""point"",""cx"":105,""cy"":99}","{}"
108.jpg,19911,"{}",9,2,"{""name"":""point"",""cx"":118,""cy"":102}","{}"
108.jpg,19911,"{}",9,3,"{""name"":""point"",""cx"":141,""cy"":104}","{}"
108.jpg,19911,"{}",9,4,"{""name"":""point"",""cx"":154,""cy"":98}","{}"
108.jpg,19911,"{}",9,5,"{""name"":""point"",""cx"":161,""cy"":104}","{}"
108.jpg,19911,"{}",9,6,"{""name"":""point"",""cx"":115,""cy"":164}","{}"
108.jpg,19911,"{}",9,7,"{""name"":""point"",""cx"":134,""cy"":168}","{}"
108.jpg,19911,"{}",9,8,"{""name"":""point"",""cx"":145,""cy"":160}","{}"
109.jpg,17518,"{}",6,0,"{""name"":""point"",""cx"":94,""cy"":106}","{}"
109.jpg,17518,"{}",6,1,"{""name"":""point"",""cx"":107,""cy"":104}","{}"
109.jpg,17518,"{}",6,2,"{""name"":""point"",""cx"":117,""cy"":105}","{}"
109.jpg,17518,"{}",6,3,"{""name"":""point"",""cx"":141,""cy"":105}","{}"
109.jpg,17518,"{}",6,4,"{""name"":""point"",""cx"":154,""cy"":104}","{}"
109.jpg,17518,"{}",6,5,"{""name"":""point"",""cx"":162,""cy"":108}","{}"
109.jpg,17518,"{}",6,6,"{""name"":""point"",""cx"":108,""cy"":165}","{}"
109.jpg,17518,"{}",6,7,"{""name"":""point"",""cx"":128,""cy"":176}","{}"
109.jpg,17518,"{}",6,8,"{""name"":""point"",""cx"":145,""cy"":163}","{}"
110.jpg,19221,"{}",9,0,"{""name"":""point"",""cx"":88,""cy"":106}","{}"
110.jpg,19221,"{}",9,1,"{""name"":""point"",""cx"":102,""cy"":100}","{}"
110.jpg,19221,"{}",9,2,"{""name"":""point"",""cx"":115,""cy"":103}","{}"
110.jpg,19221,"{}",9,3,"{""name"":""point"",""cx"":136,""cy"":101}","{}"
110.jpg,19221,"{}",9,4,"{""name"":""point"",""cx"":146,""cy"":98}","{}"
110.jpg,19221,"{}",9,5,"{""name"":""point"",""cx"":154,""cy"":102}","{}"
110.jpg,19221,"{}",9,6,"{""name"":""point"",""cx"":108,""cy"":158}","{}"
110.jpg,19221,"{}",9,7,"{""name"":""point"",""cx"":127,""cy"":165}","{}"
110.jpg,19221,"{}",9,8,"{""name"":""point"",""cx"":145,""cy"":156}","{}"
111.jpg,20269,"{}",9,0,"{""name"":""point"",""cx"":91,""cy"":97}","{}"
111.jpg,20269,"{}",9,1,"{""name"":""point"",""cx"":102,""cy"":92}","{}"
111.jpg,20269,"{}",9,2,"{""name"":""point"",""cx"":114,""cy"":96}","{}"
111.jpg,20269,"{}",9,3,"{""name"":""point"",""cx"":140,""cy"":100}","{}"
111.jpg,20269,"{}",9,4,"{""name"":""point"",""cx"":152,""cy"":96}","{}"
111.jpg,20269,"{}",9,5,"{""name"":""point"",""cx"":164,""cy"":99}","{}"
111.jpg,20269,"{}",9,6,"{""name"":""point"",""cx"":108,""cy"":158}","{}"
111.jpg,20269,"{}",9,7,"{""name"":""point"",""cx"":123,""cy"":160}","{}"
111.jpg,20269,"{}",9,8,"{""name"":""point"",""cx"":136,""cy"":161}","{}"
112.jpg,19323,"{}",9,0,"{""name"":""point"",""cx"":94,""cy"":107}","{}"
112.jpg,19323,"{}",9,1,"{""name"":""point"",""cx"":104,""cy"":97}","{}"
112.jpg,19323,"{}",9,2,"{""name"":""point"",""cx"":119,""cy"":100}","{}"
112.jpg,19323,"{}",9,3,"{""name"":""point"",""cx"":148,""cy"":100}","{}"
112.jpg,19323,"{}",9,4,"{""name"":""point"",""cx"":158,""cy"":96}","{}"
112.jpg,19323,"{}",9,5,"{""name"":""point"",""cx"":166,""cy"":102}","{}"
112.jpg,19323,"{}",9,6,"{""name"":""point"",""cx"":117,""cy"":167}","{}"
112.jpg,19323,"{}",9,7,"{""name"":""point"",""cx"":136,""cy"":169}","{}"
112.jpg,19323,"{}",9,8,"{""name"":""point"",""cx"":148,""cy"":165}","{}"
113.jpg,18527,"{}",9,0,"{""name"":""point"",""cx"":77,""cy"":109}","{}"
113.jpg,18527,"{}",9,1,"{""name"":""point"",""cx"":86,""cy"":108}","{}"
113.jpg,18527,"{}",9,2,"{""name"":""point"",""cx"":95,""cy"":106}","{}"
113.jpg,18527,"{}",9,3,"{""name"":""point"",""cx"":123,""cy"":106}","{}"
113.jpg,18527,"{}",9,4,"{""name"":""point"",""cx"":136,""cy"":106}","{}"
113.jpg,18527,"{}",9,5,"{""name"":""point"",""cx"":145,""cy"":113}","{}"
113.jpg,18527,"{}",9,6,"{""name"":""point"",""cx"":90,""cy"":168}","{}"
113.jpg,18527,"{}",9,7,"{""name"":""point"",""cx"":106,""cy"":165}","{}"
113.jpg,18527,"{}",9,8,"{""name"":""point"",""cx"":127,""cy"":166}","{}"
114.jpg,19684,"{}",9,0,"{""name"":""point"",""cx"":83,""cy"":103}","{}"
114.jpg,19684,"{}",9,1,"{""name"":""point"",""cx"":96,""cy"":97}","{}"
114.jpg,19684,"{}",9,2,"{""name"":""point"",""cx"":110,""cy"":101}","{}"
114.jpg,19684,"{}",9,3,"{""name"":""point"",""cx"":137,""cy"":101}","{}"
114.jpg,19684,"{}",9,4,"{""name"":""point"",""cx"":150,""cy"":96}","{}"
114.jpg,19684,"{}",9,5,"{""name"":""point"",""cx"":165,""cy"":100}","{}"
114.jpg,19684,"{}",9,6,"{""name"":""point"",""cx"":101,""cy"":160}","{}"
114.jpg,19684,"{}",9,7,"{""name"":""point"",""cx"":127,""cy"":167}","{}"
114.jpg,19684,"{}",9,8,"{""name"":""point"",""cx"":150,""cy"":158}","{}"
115.jpg,19048,"{}",9,0,"{""name"":""point"",""cx"":88,""cy"":108}","{}"
115.jpg,19048,"{}",9,1,"{""name"":""point"",""cx"":97,""cy"":105}","{}"
115.jpg,19048,"{}",9,2,"{""name"":""point"",""cx"":112,""cy"":105}","{}"
115.jpg,19048,"{}",9,3,"{""name"":""point"",""cx"":134,""cy"":106}","{}"
115.jpg,19048,"{}",9,4,"{""name"":""point"",""cx"":145,""cy"":103}","{}"
115.jpg,19048,"{}",9,5,"{""name"":""point"",""cx"":158,""cy"":104}","{}"
115.jpg,19048,"{}",9,6,"{""name"":""point"",""cx"":112,""cy"":160}","{}"
115.jpg,19048,"{}",9,7,"{""name"":""point"",""cx"":128,""cy"":164}","{}"
115.jpg,19048,"{}",9,8,"{""name"":""point"",""cx"":145,""cy"":157}","{}"
116.jpg,14433,"{}",9,0,"{""name"":""point"",""cx"":82,""cy"":110}","{}"
116.jpg,14433,"{}",9,1,"{""name"":""point"",""cx"":90,""cy"":102}","{}"
116.jpg,14433,"{}",9,2,"{""name"":""point"",""cx"":103,""cy"":104}","{}"
116.jpg,14433,"{}",9,3,"{""name"":""point"",""cx"":137,""cy"":107}","{}"
116.jpg,14433,"{}",9,4,"{""name"":""point"",""cx"":151,""cy"":102}","{}"
116.jpg,14433,"{}",9,5,"{""name"":""point"",""cx"":164,""cy"":105}","{}"
116.jpg,14433,"{}",9,6,"{""name"":""point"",""cx"":113,""cy"":164}","{}"
116.jpg,14433,"{}",9,7,"{""name"":""point"",""cx"":128,""cy"":166}","{}"
116.jpg,14433,"{}",9,8,"{""name"":""point"",""cx"":143,""cy"":161}","{}"
117.jpg,17540,"{}",9,0,"{""name"":""point"",""cx"":91,""cy"":108}","{}"
117.jpg,17540,"{}",9,1,"{""name"":""point"",""cx"":103,""cy"":105}","{}"
117.jpg,17540,"{}",9,2,"{""name"":""point"",""cx"":115,""cy"":106}","{}"
117.jpg,17540,"{}",9,3,"{""name"":""point"",""cx"":136,""cy"":104}","{}"
117.jpg,17540,"{}",9,4,"{""name"":""point"",""cx"":148,""cy"":101}","{}"
117.jpg,17540,"{}",9,5,"{""name"":""point"",""cx"":156,""cy"":104}","{}"
117.jpg,17540,"{}",9,6,"{""name"":""point"",""cx"":114,""cy"":166}","{}"
117.jpg,17540,"{}",9,7,"{""name"":""point"",""cx"":131,""cy"":168}","{}"
117.jpg,17540,"{}",9,8,"{""name"":""point"",""cx"":144,""cy"":162}","{}"
118.jpg,15086,"{}",9,0,"{""name"":""point"",""cx"":92,""cy"":104}","{}"
118.jpg,15086,"{}",9,1,"{""name"":""point"",""cx"":105,""cy"":105}","{}"
118.jpg,15086,"{}",9,2,"{""name"":""point"",""cx"":114,""cy"":107}","{}"
118.jpg,15086,"{}",9,3,"{""name"":""point"",""cx"":139,""cy"":108}","{}"
118.jpg,15086,"{}",9,4,"{""name"":""point"",""cx"":153,""cy"":106}","{}"
118.jpg,15086,"{}",9,5,"{""name"":""point"",""cx"":164,""cy"":106}","{}"
118.jpg,15086,"{}",9,6,"{""name"":""point"",""cx"":109,""cy"":161}","{}"
118.jpg,15086,"{}",9,7,"{""name"":""point"",""cx"":126,""cy"":169}","{}"
118.jpg,15086,"{}",9,8,"{""name"":""point"",""cx"":143,""cy"":163}","{}"
119.jpg,21868,"{}",9,0,"{""name"":""point"",""cx"":88,""cy"":100}","{}"
119.jpg,21868,"{}",9,1,"{""name"":""point"",""cx"":101,""cy"":97}","{}"
119.jpg,21868,"{}",9,2,"{""name"":""point"",""cx"":116,""cy"":104}","{}"
119.jpg,21868,"{}",9,3,"{""name"":""point"",""cx"":135,""cy"":104}","{}"
119.jpg,21868,"{}",9,4,"{""name"":""point"",""cx"":150,""cy"":101}","{}"
119.jpg,21868,"{}",9,5,"{""name"":""point"",""cx"":162,""cy"":104}","{}"
119.jpg,21868,"{}",9,6,"{""name"":""point"",""cx"":108,""cy"":163}","{}"
119.jpg,21868,"{}",9,7,"{""name"":""point"",""cx"":122,""cy"":172}","{}"
119.jpg,21868,"{}",9,8,"{""name"":""point"",""cx"":143,""cy"":168}","{}"
120.jpg,19255,"{}",9,0,"{""name"":""point"",""cx"":84,""cy"":106}","{}"
120.jpg,19255,"{}",9,1,"{""name"":""point"",""cx"":95,""cy"":98}","{}"
120.jpg,19255,"{}",9,2,"{""name"":""point"",""cx"":109,""cy"":102}","{}"
120.jpg,19255,"{}",9,3,"{""name"":""point"",""cx"":138,""cy"":102}","{}"
120.jpg,19255,"{}",9,4,"{""name"":""point"",""cx"":148,""cy"":96}","{}"
120.jpg,19255,"{}",9,5,"{""name"":""point"",""cx"":156,""cy"":102}","{}"
120.jpg,19255,"{}",9,6,"{""name"":""point"",""cx"":116,""cy"":161}","{}"
120.jpg,19255,"{}",9,7,"{""name"":""point"",""cx"":129,""cy"":162}","{}"
120.jpg,19255,"{}",9,8,"{""name"":""point"",""cx"":140,""cy"":158}","{}"
121.jpg,16094,"{}",9,0,"{""name"":""point"",""cx"":98,""cy"":98}","{}"
121.jpg,16094,"{}",9,1,"{""name"":""point"",""cx"":111,""cy"":90}","{}"
121.jpg,16094,"{}",9,2,"{""name"":""point"",""cx"":132,""cy"":99}","{}"
121.jpg,16094,"{}",9,3,"{""name"":""point"",""cx"":145,""cy"":106}","{}"
121.jpg,16094,"{}",9,4,"{""name"":""point"",""cx"":160,""cy"":107}","{}"
121.jpg,16094,"{}",9,5,"{""name"":""point"",""cx"":159,""cy"":114}","{}"
121.jpg,16094,"{}",9,6,"{""name"":""point"",""cx"":106,""cy"":150}","{}"
121.jpg,16094,"{}",9,7,"{""name"":""point"",""cx"":124,""cy"":160}","{}"
121.jpg,16094,"{}",9,8,"{""name"":""point"",""cx"":133,""cy"":158}","{}"
122.jpg,16002,"{}",9,0,"{""name"":""point"",""cx"":96,""cy"":110}","{}"
122.jpg,16002,"{}",9,1,"{""name"":""point"",""cx"":104,""cy"":104}","{}"
122.jpg,16002,"{}",9,2,"{""name"":""point"",""cx"":118,""cy"":106}","{}"
122.jpg,16002,"{}",9,3,"{""name"":""point"",""cx"":141,""cy"":106}","{}"
122.jpg,16002,"{}",9,4,"{""name"":""point"",""cx"":155,""cy"":103}","{}"
122.jpg,16002,"{}",9,5,"{""name"":""point"",""cx"":162,""cy"":108}","{}"
122.jpg,16002,"{}",9,6,"{""name"":""point"",""cx"":114,""cy"":167}","{}"
122.jpg,16002,"{}",9,7,"{""name"":""point"",""cx"":130,""cy"":176}","{}"
122.jpg,16002,"{}",9,8,"{""name"":""point"",""cx"":144,""cy"":169}","{}"
123.jpg,12391,"{}",9,0,"{""name"":""point"",""cx"":68,""cy"":102}","{}"
123.jpg,12391,"{}",9,1,"{""name"":""point"",""cx"":80,""cy"":98}","{}"
123.jpg,12391,"{}",9,2,"{""name"":""point"",""cx"":90,""cy"":106}","{}"
123.jpg,12391,"{}",9,3,"{""name"":""point"",""cx"":102,""cy"":101}","{}"
123.jpg,12391,"{}",9,4,"{""name"":""point"",""cx"":120,""cy"":97}","{}"
123.jpg,12391,"{}",9,5,"{""name"":""point"",""cx"":138,""cy"":105}","{}"
123.jpg,12391,"{}",9,6,"{""name"":""point"",""cx"":85,""cy"":165}","{}"
123.jpg,12391,"{}",9,7,"{""name"":""point"",""cx"":96,""cy"":160}","{}"
123.jpg,12391,"{}",9,8,"{""name"":""point"",""cx"":112,""cy"":163}","{}"
124.jpg,19859,"{}",10,0,"{""name"":""point"",""cx"":86,""cy"":104}","{}"
124.jpg,19859,"{}",10,1,"{""name"":""point"",""cx"":101,""cy"":100}","{}"
124.jpg,19859,"{}",10,2,"{""name"":""point"",""cx"":112,""cy"":102}","{}"
124.jpg,19859,"{}",10,3,"{""name"":""point"",""cx"":135,""cy"":101}","{}"
124.jpg,19859,"{}",10,4,"{""name"":""point"",""cx"":135,""cy"":102}","{}"
124.jpg,19859,"{}",10,5,"{""name"":""point"",""cx"":147,""cy"":97}","{}"
124.jpg,19859,"{}",10,6,"{""name"":""point"",""cx"":162,""cy"":100}","{}"
124.jpg,19859,"{}",10,7,"{""name"":""point"",""cx"":111,""cy"":161}","{}"
124.jpg,19859,"{}",10,8,"{""name"":""point"",""cx"":126,""cy"":164}","{}"
124.jpg,19859,"{}",10,9,"{""name"":""point"",""cx"":140,""cy"":160}","{}"
125.jpg,17501,"{}",9,0,"{""name"":""point"",""cx"":91,""cy"":101}","{}"
125.jpg,17501,"{}",9,1,"{""name"":""point"",""cx"":102,""cy"":97}","{}"
125.jpg,17501,"{}",9,2,"{""name"":""point"",""cx"":110,""cy"":99}","{}"
125.jpg,17501,"{}",9,3,"{""name"":""point"",""cx"":134,""cy"":96}","{}"
125.jpg,17501,"{}",9,4,"{""name"":""point"",""cx"":144,""cy"":95}","{}"
125.jpg,17501,"{}",9,5,"{""name"":""point"",""cx"":151,""cy"":97}","{}"
125.jpg,17501,"{}",9,6,"{""name"":""point"",""cx"":110,""cy"":160}","{}"
125.jpg,17501,"{}",9,7,"{""name"":""point"",""cx"":122,""cy"":166}","{}"
125.jpg,17501,"{}",9,8,"{""name"":""point"",""cx"":133,""cy"":158}","{}"
126.jpg,15695,"{}",9,0,"{""name"":""point"",""cx"":82,""cy"":122}","{}"
126.jpg,15695,"{}",9,1,"{""name"":""point"",""cx"":91,""cy"":118}","{}"
126.jpg,15695,"{}",9,2,"{""name"":""point"",""cx"":100,""cy"":118}","{}"
126.jpg,15695,"{}",9,3,"{""name"":""point"",""cx"":118,""cy"":111}","{}"
126.jpg,15695,"{}",9,4,"{""name"":""point"",""cx"":126,""cy"":109}","{}"
126.jpg,15695,"{}",9,5,"{""name"":""point"",""cx"":136,""cy"":108}","{}"
126.jpg,15695,"{}",9,6,"{""name"":""point"",""cx"":105,""cy"":166}","{}"
126.jpg,15695,"{}",9,7,"{""name"":""point"",""cx"":118,""cy"":165}","{}"
126.jpg,15695,"{}",9,8,"{""name"":""point"",""cx"":130,""cy"":160}","{}"
127.jpg,15596,"{}",9,0,"{""name"":""point"",""cx"":86,""cy"":105}","{}"
127.jpg,15596,"{}",9,1,"{""name"":""point"",""cx"":99,""cy"":105}","{}"
127.jpg,15596,"{}",9,2,"{""name"":""point"",""cx"":109,""cy"":106}","{}"
127.jpg,15596,"{}",9,3,"{""name"":""point"",""cx"":132,""cy"":105}","{}"
127.jpg,15596,"{}",9,4,"{""name"":""point"",""cx"":142,""cy"":100}","{}"
127.jpg,15596,"{}",9,5,"{""name"":""point"",""cx"":158,""cy"":97}","{}"
127.jpg,15596,"{}",9,6,"{""name"":""point"",""cx"":108,""cy"":159}","{}"
127.jpg,15596,"{}",9,7,"{""name"":""point"",""cx"":125,""cy"":161}","{}"
127.jpg,15596,"{}",9,8,"{""name"":""point"",""cx"":141,""cy"":159}","{}"
128.jpg,15148,"{}",9,0,"{""name"":""point"",""cx"":96,""cy"":108}","{}"
128.jpg,15148,"{}",9,1,"{""name"":""point"",""cx"":107,""cy"":104}","{}"
128.jpg,15148,"{}",9,2,"{""name"":""point"",""cx"":118,""cy"":102}","{}"
128.jpg,15148,"{}",9,3,"{""name"":""point"",""cx"":144,""cy"":102}","{}"
128.jpg,15148,"{}",9,4,"{""name"":""point"",""cx"":156,""cy"":98}","{}"
128.jpg,15148,"{}",9,5,"{""name"":""point"",""cx"":165,""cy"":101}","{}"
128.jpg,15148,"{}",9,6,"{""name"":""point"",""cx"":119,""cy"":165}","{}"
128.jpg,15148,"{}",9,7,"{""name"":""point"",""cx"":135,""cy"":167}","{}"
128.jpg,15148,"{}",9,8,"{""name"":""point"",""cx"":150,""cy"":160}","{}"
129.jpg,18338,"{}",9,0,"{""name"":""point"",""cx"":89,""cy"":103}","{}"
129.jpg,18338,"{}",9,1,"{""name"":""point"",""cx"":99,""cy"":97}","{}"
129.jpg,18338,"{}",9,2,"{""name"":""point"",""cx"":115,""cy"":101}","{}"
129.jpg,18338,"{}",9,3,"{""name"":""point"",""cx"":142,""cy"":98}","{}"
129.jpg,18338,"{}",9,4,"{""name"":""point"",""cx"":151,""cy"":93}","{}"
129.jpg,18338,"{}",9,5,"{""name"":""point"",""cx"":161,""cy"":98}","{}"
129.jpg,18338,"{}",9,6,"{""name"":""point"",""cx"":116,""cy"":162}","{}"
129.jpg,18338,"{}",9,7,"{""name"":""point"",""cx"":134,""cy"":161}","{}"
129.jpg,18338,"{}",9,8,"{""name"":""point"",""cx"":149,""cy"":158}","{}"
130.jpg,18594,"{}",9,0,"{""name"":""point"",""cx"":93,""cy"":114}","{}"
130.jpg,18594,"{}",9,1,"{""name"":""point"",""cx"":106,""cy"":106}","{}"
130.jpg,18594,"{}",9,2,"{""name"":""point"",""cx"":116,""cy"":108}","{}"
130.jpg,18594,"{}",9,3,"{""name"":""point"",""cx"":143,""cy"":103}","{}"
130.jpg,18594,"{}",9,4,"{""name"":""point"",""cx"":153,""cy"":98}","{}"
130.jpg,18594,"{}",9,5,"{""name"":""point"",""cx"":159,""cy"":104}","{}"
130.jpg,18594,"{}",9,6,"{""name"":""point"",""cx"":116,""cy"":160}","{}"
130.jpg,18594,"{}",9,7,"{""name"":""point"",""cx"":140,""cy"":161}","{}"
130.jpg,18594,"{}",9,8,"{""name"":""point"",""cx"":152,""cy"":153}","{}"